329,0,0.0
266,1,0.0
483,2,0.0
420,3,0.0
444,2,0.0
432,3,0.0
393,6,0.0
421,7,0.0
319,8,0.0
484,9,0.0
114,10,0.0
165,11,0.0
291,7,0.0
331,13,0.0
343,11,0.0
343,1,0.0
394,16,0.0
88,17,0.0
344,10,0.0
486,11,0.0
25,7,0.0
77,7,0.0
179,22,0.0
242,6,0.0
321,24,0.0
26,25,0.0
242,1,0.0
396,27,0.0
77,28,0.0
333,17,0.0
89,28,0.0
191,31,0.0
243,31,0.0
168,33,0.0
476,34,0.0
385,34,0.0
425,36,0.0
476,16,0.0
118,2,0.0
295,39,0.0
283,40,0.0
335,6,0.0
449,42,0.0
450,36,0.0
234,34,0.0
388,7,0.0
81,46,0.0
400,16,0.0
93,7,0.0
297,17,0.0
298,27,0.0
235,1,0.0
82,0,0.0
235,28,0.0
31,54,0.0
42,11,0.0
429,3,0.0
133,8,0.0
43,16,0.0
441,22,0.0
94,24,0.0
401,36,0.0
225,17,0.0
481,7,0.0
122,9,0.0
123,42,0.0
300,31,0.0
84,67,0.0
328,36,0.0
430,39,0.0
33,24,0.0
493,10,0.0
174,54,0.0
379,73,0.0
249,34,0.0
147,31,0.0
352,11,0.0
341,22,0.0
97,22,0.0
97,10,0.0
507,6,0.0
86,1,0.0
302,39,0.0
137,2,0.0
35,39,0.0
251,1,0.0
342,54,0.0
149,8,0.0
86,17,0.0
508,40,0.0
405,0,0.0
178,73,0.0
497,42,0.0
242,24,0.0
48,39,0.0
447,34,0.0
407,0,0.0
230,22,0.0
25,11,0.0
435,28,0.0
357,40,0.0
459,34,0.0
50,42,0.0
89,31,0.0
141,73,0.0
203,40,0.0
27,67,0.0
27,8,0.0
409,73,0.0
500,33,0.0
437,31,0.0
91,46,0.0
130,28,0.0
181,39,0.0
182,33,0.0
91,11,0.0
80,34,0.0
233,36,0.0
194,11,0.0
296,119,0.0
359,9,0.0
411,24,0.0
387,6,0.0
285,2,0.0
514,2,0.0
29,8,0.0
144,16,0.0
53,10,0.0
81,27,0.0
183,0,0.0
208,1,0.0
491,119,0.0
157,42,0.0
361,6,0.0
133,3,0.0
134,2,0.0
31,22,0.0
236,1,0.0
441,36,0.0
504,7,0.0
516,9,0.0
465,25,0.0
493,24,0.0
505,119,0.0
517,39,0.0
517,42,0.0
289,54,0.0
250,0,0.0
262,1,0.0
34,8,0.0
211,2,0.0
392,8,0.0
97,46,0.0
199,73,0.0
365,17,0.0
97,8,0.0
291,31,0.0
263,73,0.0
365,16,0.0
445,34,0.0
35,73,0.0
496,28,0.0
366,34,0.0
189,9,0.0
406,17,0.0
59,46,0.0
366,7,0.0
418,73,0.0
213,67,0.0
36,13,0.0
111,25,0.0
458,34,0.0
395,10,0.0
459,39,0.0
20,174,0.0
396,9,0.0
306,67,0.0
164,39,0.0
20,178,0.0
369,54,0.0
20,73,0.0
204,28,0.0
499,22,0.0
141,8,0.0
192,34,0.0
358,27,0.0
500,42,0.0
153,0,0.0
460,1,0.0
500,39,0.0
370,17,0.0
370,22,0.0
398,6,0.0
473,34,0.0
296,33,0.0
308,42,0.0
347,54,0.0
348,40,0.0
104,28,0.0
399,11,0.0
246,6,0.0
65,27,0.0
423,11,0.0
463,10,0.0
219,17,0.0
195,22,0.0
349,17,0.0
65,73,0.0
105,28,0.0
310,31,0.0
42,67,0.0
66,34,0.0
145,31,0.0
373,54,0.0
311,24,0.0
504,36,0.0
362,54,0.0
362,27,0.0
260,31,0.0
414,119,0.0
465,7,0.0
209,31,0.0
170,36,0.0
68,10,0.0
415,8,0.0
427,10,0.0
352,25,0.0
325,24,0.0
262,7,0.0
262,8,0.0
69,34,0.0
250,34,0.0
479,25,0.0
455,27,0.0
479,6,0.0
404,1,0.0
109,3,0.0
519,28,0.0
149,24,0.0
213,28,0.0
378,28,0.0
457,25,0.0
122,46,0.0
303,10,0.0
59,28,0.0
213,17,0.0
316,54,0.0
418,39,0.0
253,27,0.0
304,13,0.0
418,7,0.0
355,1,0.0
111,1,0.0
481,1,0.0
316,7,0.0
379,67,0.0
61,13,0.0
431,119,0.0
203,46,0.0
277,42,0.0
100,34,0.0
482,46,0.0
22,54,0.0
124,11,0.0
369,67,0.0
420,24,0.0
101,16,0.0
408,27,0.0
204,54,0.0
113,11,0.0
267,22,0.0
318,46,0.0
176,2,0.0
432,0,0.0
511,73,0.0
153,16,0.0
23,8,0.0
461,22,0.0
229,3,0.0
383,73,0.0
269,54,0.0
332,40,0.0
485,24,0.0
178,3,0.0
434,25,0.0
360,119,0.0
270,67,0.0
258,31,0.0
129,119,0.0
220,0,0.0
476,25,0.0
27,9,0.0
465,119,0.0
516,11,0.0
272,28,0.0
107,42,0.0
477,39,0.0
414,9,0.0
284,67,0.0
273,42,0.0
210,36,0.0
415,3,0.0
233,16,0.0
261,11,0.0
466,3,0.0
427,25,0.0
274,39,0.0
57,46,0.0
159,16,0.0
285,42,0.0
286,40,0.0
160,34,0.0
377,1,0.0
479,13,0.0
440,24,0.0
161,6,0.0
468,40,0.0
161,0,0.0
480,33,0.0
389,73,0.0
492,7,0.0
31,24,0.0
338,1,0.0
441,6,0.0
110,54,0.0
276,17,0.0
469,0,0.0
225,39,0.0
21,34,0.0
367,24,0.0
135,42,0.0
163,8,0.0
316,46,0.0
419,27,0.0
72,24,0.0
289,3,0.0
163,1,0.1
175,34,0.1
431,25,0.1
187,17,0.1
420,36,0.1
471,73,0.1
471,24,0.1
330,25,0.1
381,39,0.1
85,119,0.1
239,34,0.1
471,6,0.1
279,11,0.1
125,8,0.1
228,39,0.1
381,34,0.1
188,39,0.1
74,46,0.1
125,22,0.1
330,0,0.1
165,25,0.1
445,54,0.1
496,7,0.1
319,24,0.1
421,42,0.1
280,13,0.1
240,2,0.1
138,13,0.1
127,27,0.1
241,34,0.1
269,27,0.1
179,1,0.1
218,10,0.1
344,27,0.1
333,10,0.1
384,119,0.1
167,10,0.1
116,17,0.1
282,13,0.1
294,7,0.1
396,46,0.1
396,1,0.1
385,17,0.1
424,6,0.1
27,34,0.1
436,25,0.1
220,2,0.1
271,42,0.1
397,39,0.1
169,54,0.1
323,6,0.1
27,2,0.1
79,6,0.1
437,67,0.1
67,40,0.1
272,17,0.1
346,24,0.1
118,9,0.1
374,31,0.1
335,31,0.1
295,46,0.1
374,9,0.1
477,7,0.1
28,22,0.1
386,119,0.1
296,2,0.1
347,27,0.1
119,3,0.1
323,67,0.1
398,9,0.1
245,42,0.1
375,67,0.1
68,46,0.1
478,119,0.1
478,6,0.1
502,31,0.1
428,31,0.1
286,6,0.1
93,8,0.1
30,28,0.1
133,13,0.1
400,40,0.1
492,24,0.1
196,8,0.1
504,0,0.1
378,6,0.1
328,8,0.1
481,16,0.1
32,10,0.1
186,16,0.1
237,40,0.1
198,36,0.1
403,13,0.1
175,22,0.1
328,7,0.1
341,28,0.1
250,24,0.1
455,39,0.1
431,17,0.1
136,3,0.1
444,40,0.1
22,67,0.1
341,24,0.1
227,42,0.1
137,42,0.1
353,39,0.1
86,27,0.1
98,11,0.1
381,28,0.1
138,1,0.1
279,54,0.1
240,22,0.1
98,33,0.1
354,40,0.1
240,28,0.1
24,10,0.1
229,2,0.1
485,40,0.1
150,33,0.1
201,34,0.1
48,8,0.1
253,27,0.1
406,17,0.1
36,22,0.1
150,34,0.1
253,22,0.1
304,36,0.1
151,22,0.1
37,7,0.1
344,67,0.1
305,40,0.1
458,22,0.1
332,2,0.1
242,10,0.1
396,6,0.1
254,22,0.1
26,27,0.1
356,28,0.1
333,42,0.1
409,13,0.1
295,2,0.1
39,31,0.1
193,54,0.1
51,54,0.1
205,40,0.1
256,11,0.1
284,31,0.1
438,22,0.1
154,8,0.1
512,8,0.1
296,34,0.1
450,54,0.1
410,10,0.1
336,46,0.1
399,6,0.1
257,7,0.1
462,25,0.1
411,0,0.1
234,119,0.1
155,119,0.1
400,11,0.1
309,1,0.1
183,27,0.1
298,28,0.1
104,36,0.1
93,9,0.1
298,42,0.1
258,24,0.1
310,46,0.1
349,7,0.1
361,46,0.1
463,17,0.1
298,11,0.1
259,36,0.1
145,0,0.1
247,73,0.1
105,46,0.1
133,9,0.1
55,8,0.1
362,31,0.1
55,2,0.1
260,42,0.1
311,8,0.1
516,3,0.1
505,28,0.1
237,16,0.1
210,0,0.1
107,36,0.1
415,13,0.1
84,28,0.1
443,119,0.1
96,8,0.1
404,8,0.1
187,0,0.1
97,6,0.1
199,1,0.1
108,10,0.1
187,42,0.1
455,67,0.1
85,34,0.1
302,8,0.1
342,11,0.1
495,31,0.1
416,0,0.1
251,27,0.1
417,27,0.1
212,28,0.1
110,42,0.1
264,28,0.1
417,1,0.1
264,31,0.1
367,67,0.1
394,31,0.1
111,31,0.1
367,31,0.1
202,34,0.1
316,27,0.1
418,119,0.1
100,10,0.1
458,16,0.1
203,34,0.1
191,119,0.1
294,27,0.1
101,34,0.1
101,1,0.1
369,73,0.1
346,42,0.1
448,22,0.1
114,16,0.1
358,119,0.1
501,67,0.1
103,2,0.1
360,42,0.1
166,7,0.1
399,3,0.1
463,8,0.1
116,67,0.1
348,22,0.1
195,40,0.1
321,22,0.1
93,6,0.1
270,1,0.1
156,119,0.1
208,6,0.1
413,11,0.1
94,34,0.1
220,16,0.1
145,6,0.1
208,25,0.1
271,67,0.1
476,33,0.1
311,1,0.1
197,25,0.1
67,6,0.1
146,1,0.1
197,24,0.1
311,8,0.1
426,0,0.1
402,67,0.1
351,3,0.1
210,46,0.1
96,67,0.1
147,28,0.1
211,7,0.1
467,73,0.1
518,67,0.1
274,6,0.1
46,42,0.1
223,27,0.1
314,73,0.1
428,54,0.1
456,8,0.1
315,25,0.1
417,9,0.1
468,0,0.1
224,17,0.1
110,25,0.1
366,8,0.1
98,1,0.1
252,34,0.1
480,8,0.1
315,22,0.1
327,54,0.1
48,36,0.1
150,119,0.1
509,6,0.1
60,33,0.1
265,17,0.1
470,39,0.1
151,54,0.1
482,22,0.1
151,2,0.1
368,34,0.1
175,1,0.1
482,2,0.1
203,1,0.1
73,8,0.1
61,67,0.1
278,1,0.1
164,25,0.1
471,24,0.1
380,25,0.1
50,42,0.1
101,73,0.1
511,22,0.1
101,46,0.1
165,6,0.1
358,7,0.1
267,25,0.1
381,24,0.1
472,73,0.1
433,16,0.1
102,46,0.1
307,67,0.1
331,40,0.1
217,27,0.1
268,3,0.1
280,40,0.1
307,7,0.1
319,13,0.1
371,24,0.1
126,17,0.1
126,73,0.1
24,9,0.1
127,0,0.1
281,13,0.1
206,40,0.1
127,2,0.1
104,17,0.1
25,11,0.1
167,17,0.1
26,17,0.1
412,10,0.1
259,119,0.1
322,42,0.1
464,13,0.1
515,73,0.1
129,42,0.1
334,16,0.1
413,119,0.1
67,28,0.1
386,3,0.1
209,31,0.1
363,10,0.1
517,10,0.1
68,31,0.1
489,25,0.1
159,10,0.1
364,46,0.1
517,1,0.1
171,34,0.1
210,7,0.1
183,0,0.1
518,7,0.1
172,3,0.1
30,1,0.1
81,28,0.1
377,39,0.1
235,2,0.1
378,33,0.1
31,7,0.1
225,31,0.1
83,0,0.1
418,31,0.1
367,27,0.1
72,36,0.1
123,28,0.1
288,13,0.1
328,7,0.1
60,9,0.1
328,2,0.1
61,42,0.1
73,27,0.1
392,3,0.1
381,33,0.1
318,73,0.1
318,1,0.1
381,8,0.1
331,46,0.1
485,13,0.1
24,42,0.1
280,16,0.1
76,9,0.1
395,0,0.1
218,11,0.1
422,46,0.1
167,3,0.1
320,9,0.1
372,9,0.1
423,13,0.1
282,33,0.1
321,17,0.1
128,1,0.1
499,31,0.1
129,24,0.1
231,34,0.1
38,16,0.1
294,6,0.1
283,25,0.1
346,1,0.1
232,9,0.1
386,9,0.1
346,2,0.1
437,2,0.1
39,2,0.1
142,46,0.1
67,46,0.1
221,16,0.1
130,33,0.1
387,6,0.1
68,34,0.1
438,54,0.1
245,73,0.1
399,25,0.1
478,36,0.1
245,22,0.1
171,17,0.1
439,6,0.1
490,17,0.1
273,28,0.1
427,36,0.1
337,22,0.1
246,2,0.1
171,2,0.1
325,13,0.1
376,17,0.1
223,0,0.1
377,1,0.1
235,0,0.1
491,13,0.1
400,67,0.1
196,73,0.1
389,34,0.1
248,24,0.1
197,119,0.1
429,28,0.1
146,73,0.1
237,28,0.1
186,73,0.1
135,9,0.1
249,36,0.1
277,9,0.1
44,36,0.1
328,17,0.1
454,46,0.1
494,25,0.1
301,24,0.1
404,8,0.1
85,39,0.1
381,22,0.1
279,67,0.1
381,11,0.1
291,46,0.1
496,31,0.1
74,25,0.1
507,16,0.1
177,9,0.1
343,54,0.1
445,11,0.1
177,42,0.1
331,16,0.1
508,6,0.1
99,73,0.1
446,0,0.1
355,7,0.1
509,119,0.1
280,34,0.1
395,22,0.1
281,46,0.1
293,73,0.1
486,39,0.1
37,119,0.1
127,73,0.1
230,9,0.1
293,28,0.1
447,67,0.1
89,54,0.1
191,6,0.1
242,31,0.1
77,0,0.1
333,27,0.1
384,16,0.1
191,22,0.1
447,46,0.1
305,2,0.1
384,6,0.1
38,16,0.1
499,42,0.1
101,40,0.1
152,3,0.1
180,0,0.1
436,8,0.1
50,8,0.1
141,42,0.1
346,119,0.1
101,39,0.1
409,27,0.1
437,7,0.1
142,46,0.1
27,16,0.1
335,11,0.1
232,2,0.1
489,2,0.1
245,39,0.1
501,27,0.1
233,10,0.1
438,17,0.1
41,16,0.1
194,2,0.1
155,54,0.1
131,24,0.1
131,22,0.1
502,3,0.1
462,3,0.1
53,28,0.1
104,17,0.1
360,28,0.1
286,0,0.1
337,3,0.1
514,67,0.1
195,24,0.1
400,22,0.1
440,46,0.1
247,25,0.1
514,34,0.1
337,36,0.1
42,22,0.1
412,2,0.1
503,73,0.1
287,34,0.1
54,0,0.1
299,33,0.1
259,73,0.1
464,7,0.1
492,22,0.1
299,2,0.1
339,13,0.1
300,3,0.1
158,46,0.1
158,11,0.1
516,36,0.1
465,46,0.1
135,6,0.1
442,17,0.1
505,24,0.1
159,27,0.1
442,16,0.1
45,33,0.1
159,8,0.1
415,22,0.1
340,33,0.1
108,46,0.1
187,34,0.1
45,25,0.1
301,33,0.1
238,46,0.1
392,13,0.1
416,22,0.1
416,11,0.1
97,0,0.1
58,39,0.1
314,34,0.1
188,33,0.1
212,67,0.1
366,3,0.1
342,13,0.1
468,33,0.1
35,13,0.1
240,25,0.1
355,16,0.1
213,1,0.1
469,8,0.1
304,73,0.1
355,9,0.1
305,73,0.1
214,22,0.1
265,0,0.1
446,67,0.1
368,46,0.1
242,0,0.1
344,16,0.1
203,13,0.1
317,25,0.1
498,7,0.1
152,13,0.1
215,119,0.1
294,13,0.1
38,42,0.1
243,24,0.1
397,67,0.1
306,1,0.1
62,73,0.1
164,10,0.1
51,31,0.1
39,13,0.1
102,31,0.1
63,31,0.1
114,42,0.1
450,8,0.1
450,7,0.1
450,33,0.1
104,73,0.1
371,22,0.1
155,0,0.1
258,40,0.1
462,27,0.1
423,33,0.1
144,11,0.1
167,46,0.1
451,1,0.1
156,24,0.1
514,39,0.1
424,10,0.1
361,25,0.1
412,39,0.1
475,34,0.1
196,67,0.1
55,27,0.1
516,6,0.1
94,54,0.1
106,36,0.1
209,67,0.1
465,9,0.1
351,10,0.1
169,46,0.1
249,0,0.1
300,3,0.1
107,31,0.1
477,40,0.1
95,11,0.1
466,36,0.1
364,8,0.1
415,25,0.1
120,17,0.1
171,40,0.1
352,39,0.1
376,3,0.1
427,40,0.1
479,34,0.1
263,33,0.1
365,8,0.1
70,22,0.1
326,0,0.1
353,25,0.1
70,10,0.1
275,40,0.1
263,2,0.1
224,119,0.1
326,119,0.1
303,11,0.1
457,9,0.1
264,42,0.1
429,28,0.1
99,40,0.1
264,46,0.1
418,16,0.1
276,11,0.1
162,6,0.1
327,7,0.1
304,16,0.1
48,40,0.1
253,34,0.1
356,28,0.1
420,54,0.1
329,34,0.1
357,33,0.1
22,22,0.1
357,40,0.1
73,16,0.1
432,25,0.1
152,3,0.1
255,9,0.1
113,39,0.1
267,39,0.1
102,31,0.1
255,46,0.1
216,40,0.1
319,0,0.1
473,13,0.1
484,8,0.1
24,22,0.1
103,34,0.1
63,1,0.1
229,34,0.1
382,67,0.1
75,27,0.1
359,119,0.1
25,16,0.1
104,22,0.1
360,16,0.1
383,3,0.1
206,46,0.1
411,119,0.1
309,3,0.1
281,1,0.1
219,1,0.1
26,22,0.1
361,119,0.1
475,10,0.1
515,31,0.1
333,11,0.1
117,119,0.1
54,28,0.1
311,9,0.1
118,0,0.1
107,1,0.1
260,17,0.1
363,22,0.1
516,31,0.1
67,16,0.1
221,25,0.1
221,16,0.1
284,2,0.1
170,16,0.1
221,11,0.1
426,10,0.1
131,33,0.1
233,27,0.1
375,42,0.1
261,40,0.1
517,13,0.1
312,67,0.1
490,31,0.1
336,6,0.1
69,27,0.1
223,1,0.1
365,39,0.1
491,36,0.1
479,11,0.1
81,119,0.1
211,1,0.1
337,33,0.1
389,46,0.1
109,40,0.1
428,8,0.1
109,9,0.1
519,39,0.1
480,54,0.1
264,17,0.1
366,31,0.1
469,3,0.1
20,119,0.1
339,67,0.1
276,46,0.1
32,22,0.1
470,54,0.1
316,40,0.1
135,6,0.1
214,2,0.1
135,67,0.1
175,11,0.1
431,13,0.2
61,2,0.2
494,6,0.2
124,10,0.2
329,2,0.2
432,0,0.2
444,39,0.2
318,119,0.2
228,40,0.2
228,73,0.2
177,2,0.2
126,0,0.2
190,67,0.2
332,0,0.2
36,31,0.2
474,46,0.2
435,17,0.2
242,2,0.2
372,40,0.2
474,42,0.2
191,54,0.2
372,42,0.2
116,54,0.2
321,34,0.2
498,34,0.2
345,67,0.2
475,17,0.2
345,1,0.2
271,13,0.2
373,16,0.2
27,36,0.2
488,31,0.2
397,22,0.2
488,2,0.2
118,46,0.2
169,33,0.2
284,1,0.2
449,27,0.2
426,13,0.2
244,13,0.2
79,7,0.2
296,1,0.2
449,3,0.2
119,67,0.2
450,67,0.2
324,6,0.2
451,25,0.2
479,10,0.2
479,9,0.2
81,1,0.2
196,34,0.2
389,0,0.2
298,1,0.2
326,25,0.2
503,1,0.2
70,67,0.2
492,2,0.2
185,1,0.2
43,27,0.2
134,34,0.2
185,11,0.2
390,25,0.2
173,7,0.2
390,10,0.2
492,9,0.2
441,27,0.2
493,31,0.2
402,2,0.2
481,31,0.2
288,42,0.2
72,7,0.2
402,7,0.2
84,25,0.2
95,28,0.2
123,67,0.2
147,36,0.2
431,22,0.2
73,3,0.2
199,54,0.2
148,39,0.2
290,6,0.2
341,16,0.2
443,9,0.2
188,22,0.2
353,16,0.2
148,2,0.2
148,25,0.2
200,17,0.2
330,11,0.2
251,25,0.2
149,67,0.2
508,34,0.2
394,28,0.2
508,1,0.2
36,31,0.2
497,24,0.2
280,119,0.2
508,28,0.2
434,2,0.2
446,73,0.2
446,7,0.2
253,2,0.2
49,46,0.2
435,9,0.2
356,54,0.2
435,34,0.2
486,40,0.2
37,31,0.2
293,119,0.2
49,25,0.2
203,28,0.2
487,73,0.2
499,1,0.2
255,22,0.2
141,24,0.2
306,22,0.2
192,36,0.2
499,3,0.2
129,11,0.2
283,10,0.2
193,42,0.2
244,33,0.2
346,11,0.2
102,0,0.2
386,16,0.2
153,3,0.2
130,9,0.2
410,8,0.2
359,28,0.2
410,119,0.2
489,10,0.2
462,8,0.2
92,40,0.2
388,31,0.2
235,22,0.2
93,25,0.2
440,1,0.2
310,11,0.2
31,2,0.2
338,7,0.2
196,13,0.2
299,17,0.2
185,24,0.2
146,28,0.2
402,8,0.2
339,25,0.2
237,28,0.2
391,54,0.2
340,27,0.2
250,34,0.2
57,31,0.2
33,0,0.2
136,42,0.2
341,17,0.2
353,16,0.2
518,119,0.2
495,40,0.2
507,25,0.2
34,24,0.2
239,67,0.2
354,54,0.2
405,13,0.2
291,6,0.2
98,7,0.2
393,25,0.2
59,39,0.2
519,46,0.2
394,40,0.2
201,8,0.2
457,13,0.2
138,36,0.2
150,39,0.2
303,67,0.2
213,13,0.2
315,40,0.2
496,31,0.2
304,2,0.2
213,54,0.2
343,42,0.2
355,73,0.2
395,25,0.2
190,40,0.2
292,16,0.2
48,22,0.2
458,31,0.2
202,33,0.2
470,17,0.2
100,27,0.2
407,40,0.2
203,2,0.2
61,0,0.2
37,17,0.2
459,3,0.2
112,28,0.2
101,119,0.2
266,9,0.2
153,73,0.2
460,7,0.2
511,46,0.2
216,25,0.2
39,39,0.2
346,46,0.2
512,67,0.2
63,11,0.2
421,9,0.2
114,2,0.2
268,13,0.2
91,6,0.2
296,13,0.2
268,1,0.2
513,1,0.2
143,33,0.2
399,8,0.2
206,9,0.2
513,34,0.2
115,25,0.2
269,39,0.2
41,3,0.2
348,2,0.2
450,34,0.2
451,27,0.2
41,16,0.2
246,3,0.2
270,39,0.2
53,42,0.2
156,73,0.2
207,13,0.2
372,11,0.2
310,0,0.2
117,27,0.2
42,119,0.2
157,6,0.2
361,27,0.2
515,22,0.2
271,3,0.2
157,1,0.2
260,22,0.2
374,27,0.2
413,24,0.2
67,9,0.2
118,28,0.2
55,9,0.2
272,2,0.2
95,34,0.2
107,6,0.2
209,17,0.2
272,17,0.2
197,33,0.2
505,3,0.2
312,17,0.2
249,25,0.2
312,2,0.2
249,13,0.2
210,25,0.2
517,40,0.2
45,119,0.2
147,40,0.2
467,46,0.2
97,11,0.2
518,42,0.2
199,73,0.2
109,16,0.2
223,25,0.2
148,8,0.2
121,13,0.2
97,33,0.2
212,67,0.2
172,1,0.2
377,54,0.2
263,22,0.2
224,2,0.2
275,25,0.2
429,24,0.2
366,39,0.2
418,9,0.2
201,24,0.2
111,40,0.2
201,36,0.2
72,8,0.2
379,10,0.2
60,13,0.2
430,33,0.2
305,13,0.2
458,33,0.2
266,28,0.2
112,34,0.2
431,6,0.2
369,33,0.2
459,31,0.2
266,16,0.2
73,10,0.2
278,27,0.2
357,10,0.2
164,1,0.2
472,16,0.2
267,6,0.2
381,11,0.2
484,46,0.2
74,2,0.2
358,6,0.2
75,2,0.2
177,40,0.2
228,13,0.2
359,1,0.2
331,33,0.2
103,27,0.2
75,39,0.2
205,0,0.2
52,67,0.2
206,0,0.2
178,119,0.2
230,7,0.2
53,0,0.2
423,46,0.2
25,46,0.2
230,54,0.2
423,33,0.2
412,73,0.2
514,17,0.2
77,27,0.2
128,40,0.2
231,9,0.2
54,6,0.2
514,6,0.2
54,17,0.2
310,1,0.2
271,24,0.2
26,46,0.2
129,1,0.2
231,31,0.2
66,11,0.2
283,0,0.2
271,17,0.2
157,42,0.2
374,31,0.2
55,17,0.2
118,39,0.2
272,39,0.2
221,28,0.2
323,36,0.2
437,1,0.2
260,24,0.2
56,27,0.2
131,67,0.2
80,27,0.2
262,0,0.2
466,73,0.2
415,25,0.2
160,39,0.2
120,10,0.2
490,22,0.2
518,119,0.2
172,17,0.2
325,73,0.2
314,39,0.2
70,16,0.2
377,31,0.2
31,119,0.2
122,0,0.2
315,46,0.2
429,67,0.2
134,9,0.2
338,36,0.2
213,34,0.2
441,67,0.2
59,36,0.2
111,11,0.2
134,22,0.2
390,8,0.2
379,3,0.2
493,10,0.2
418,34,0.2
379,119,0.2
482,8,0.2
186,73,0.2
175,25,0.2
391,33,0.2
494,28,0.2
73,6,0.2
289,10,0.2
278,40,0.2
215,24,0.2
483,119,0.2
215,46,0.2
472,28,0.2
113,7,0.2
126,1,0.2
216,8,0.2
484,22,0.2
240,9,0.2
342,46,0.2
421,34,0.2
343,39,0.2
114,7,0.2
292,16,0.2
76,8,0.2
434,73,0.2
64,22,0.2
383,28,0.2
486,22,0.2
446,16,0.2
116,11,0.2
167,6,0.2
487,36,0.2
180,73,0.2
231,13,0.2
499,28,0.2
66,40,0.2
129,28,0.2
283,73,0.2
181,24,0.2
118,119,0.2
130,7,0.2
39,42,0.2
500,25,0.2
324,25,0.2
194,22,0.2
478,16,0.2
336,13,0.2
132,40,0.2
143,10,0.2
285,54,0.2
195,13,0.2
234,24,0.2
195,31,0.2
69,36,0.2
223,39,0.2
400,73,0.2
93,33,0.2
286,11,0.2
42,1,0.2
195,46,0.2
389,1,0.2
121,31,0.2
133,119,0.2
145,16,0.2
349,39,0.2
428,36,0.2
389,8,0.2
480,27,0.2
70,7,0.2
236,33,0.2
339,54,0.2
20,16,0.2
122,36,0.2
32,17,0.2
134,42,0.2
83,9,0.2
453,6,0.2
504,10,0.2
430,42,0.2
83,40,0.2
391,7,0.2
300,11,0.2
481,3,0.2
300,8,0.2
84,31,0.2
186,9,0.2
340,24,0.2
443,10,0.2
238,42,0.2
250,13,0.2
301,8,0.2
455,42,0.2
506,27,0.2
381,33,0.2
483,9,0.2
291,73,0.2
342,28,0.2
74,31,0.2
188,36,0.2
433,119,0.2
189,33,0.2
98,31,0.2
279,17,0.2
394,3,0.2
75,54,0.2
229,27,0.2
343,22,0.2
343,27,0.2
434,3,0.2
446,3,0.2
509,13,0.2
407,42,0.2
332,22,0.2
76,13,0.2
510,16,0.2
191,54,0.2
77,33,0.2
192,119,0.2
243,39,0.2
294,16,0.2
357,39,0.2
397,2,0.2
511,9,0.2
334,119,0.2
141,119,0.2
193,25,0.2
346,0,0.2
256,1,0.2
283,3,0.2
437,16,0.2
284,42,0.2
244,13,0.2
347,10,0.2
284,67,0.2
40,22,0.2
307,33,0.2
284,6,0.2
143,73,0.2
154,46,0.2
490,33,0.2
336,27,0.2
144,40,0.2
195,1,0.2
246,27,0.2
348,67,0.2
81,2,0.2
439,42,0.2
463,33,0.2
156,46,0.2
412,34,0.2
463,8,0.2
196,8,0.2
184,16,0.2
54,8,0.2
31,7,0.2
515,17,0.2
452,34,0.2
504,16,0.2
259,22,0.2
362,24,0.2
287,11,0.2
504,13,0.2
185,9,0.2
492,17,0.2
402,16,0.2
106,25,0.2
453,42,0.2
260,67,0.2
106,73,0.2
185,28,0.2
186,67,0.2
288,73,0.2
391,46,0.2
261,3,0.2
466,6,0.2
238,0,0.2
506,8,0.2
391,67,0.2
506,28,0.2
313,46,0.2
238,8,0.2
340,46,0.2
404,1,0.2
210,46,0.2
85,28,0.2
148,67,0.2
239,1,0.2
302,40,0.2
365,8,0.2
518,36,0.2
85,39,0.2
467,119,0.2
137,11,0.2
251,16,0.2
109,46,0.2
519,22,0.2
342,36,0.2
149,2,0.2
109,16,0.2
354,1,0.2
137,28,0.2
394,11,0.2
445,54,0.2
48,24,0.2
99,24,0.2
48,9,0.2
264,16,0.2
292,31,0.2
48,31,0.2
253,31,0.2
458,3,0.2
292,119,0.2
213,46,0.2
470,2,0.2
293,36,0.2
254,0,0.2
305,10,0.2
407,34,0.2
459,28,0.2
368,2,0.2
214,17,0.2
89,34,0.2
152,24,0.2
471,34,0.2
89,36,0.2
396,39,0.2
447,11,0.2
357,73,0.2
38,119,0.2
89,2,0.2
50,54,0.2
89,7,0.2
409,11,0.2
472,10,0.2
346,2,0.2
142,16,0.2
154,31,0.2
217,119,0.2
154,17,0.2
461,27,0.2
268,39,0.2
245,7,0.2
143,119,0.2
474,28,0.2
143,25,0.2
155,6,0.2
115,36,0.2
92,31,0.2
360,25,0.2
411,42,0.2
53,54,0.2
309,39,0.2
269,42,0.2
321,46,0.2
451,39,0.2
412,40,0.2
270,67,0.2
361,1,0.2
42,40,0.2
144,25,0.2
270,27,0.2
93,67,0.2
298,22,0.2
515,33,0.2
168,42,0.2
219,9,0.2
322,27,0.2
157,16,0.2
425,1,0.2
106,1,0.2
118,10,0.2
350,6,0.2
55,73,0.2
209,25,0.2
220,67,0.2
363,1,0.2
465,73,0.2
516,11,0.2
221,0,0.2
221,34,0.2
375,22,0.2
351,46,0.2
426,34,0.2
454,73,0.2
477,6,0.2
454,40,0.2
427,1,0.2
301,34,0.2
455,40,0.2
313,3,0.2
148,10,0.2
199,119,0.2
506,3,0.2
325,9,0.2
251,8,0.2
121,67,0.2
58,67,0.2
160,119,0.2
274,67,0.2
417,17,0.2
98,119,0.2
121,7,0.2
59,8,0.2
366,3,0.2
121,0,0.2
149,10,0.2
417,0,0.2
468,3,0.2
122,54,0.2
122,67,0.2
303,13,0.2
354,73,0.2
224,6,0.2
508,40,0.2
60,31,0.2
99,7,0.2
174,42,0.2
327,27,0.2
355,54,0.2
406,54,0.2
304,40,0.2
72,31,0.2
226,46,0.2
100,1,0.2
21,2,0.2
328,25,0.2
380,22,0.2
380,54,0.2
164,0,0.2
266,40,0.2
266,54,0.2
203,8,0.2
278,16,0.2
62,40,0.2
381,34,0.2
153,17,0.2
228,3,0.2
409,24,0.2
165,33,0.2
421,16,0.2
382,28,0.2
63,73,0.2
217,34,0.2
410,24,0.2
166,39,0.2
52,10,0.2
154,0,0.2
410,8,0.2
115,3,0.2
332,54,0.2
411,22,0.2
474,34,0.2
218,8,0.2
514,3,0.2
230,46,0.2
53,9,0.2
156,6,0.2
207,11,0.2
258,33,0.2
105,27,0.2
66,1,0.2
475,22,0.2
105,0,0.2
105,36,0.2
208,28,0.2
106,42,0.2
260,42,0.2
169,67,0.2
260,1,0.2
425,67,0.2
79,25,0.2
272,17,0.2
323,54,0.2
477,7,0.2
79,10,0.2
312,39,0.2
119,46,0.2
478,13,0.2
324,22,0.2
427,8,0.2
517,2,0.2
69,6,0.2
325,31,0.2
313,6,0.2
132,3,0.2
234,36,0.2
388,1,0.2
467,31,0.2
121,22,0.2
223,17,0.2
235,40,0.2
263,119,0.2
70,39,0.2
212,27,0.2
338,46,0.2
212,31,0.2
31,67,0.2
276,16,0.2
327,54,0.2
236,1,0.2
264,73,0.2
378,9,0.2
236,39,0.2
264,13,0.2
418,73,0.2
20,46,0.2
134,11,0.2
111,119,0.2
83,2,0.2
339,34,0.2
60,13,0.2
21,27,0.2
72,54,0.2
482,7,0.2
186,67,0.2
237,1,0.2
391,3,0.2
84,6,0.2
214,40,0.2
265,1,0.2
391,7,0.2
214,27,0.3
266,6,0.3
33,33,0.3
368,24,0.3
380,3,0.3
443,54,0.3
368,36,0.3
471,13,0.3
369,33,0.3
125,6,0.3
382,0,0.3
445,33,0.3
35,36,0.3
36,40,0.3
292,2,0.3
422,13,0.3
434,42,0.3
473,7,0.3
383,36,0.3
343,16,0.3
446,2,0.3
241,67,0.3
320,40,0.3
179,40,0.3
384,1,0.3
423,10,0.3
65,0,0.3
293,24,0.3
140,25,0.3
191,0,0.3
242,27,0.3
498,10,0.3
282,28,0.3
89,8,0.3
396,24,0.3
220,9,0.3
192,42,0.3
346,16,0.3
322,42,0.3
129,11,0.3
295,119,0.3
386,42,0.3
192,7,0.3
181,34,0.3
398,39,0.3
489,33,0.3
91,40,0.3
80,11,0.3
336,16,0.3
489,1,0.3
194,0,0.3
324,31,0.3
336,11,0.3
119,17,0.3
336,73,0.3
183,0,0.3
450,7,0.3
285,0,0.3
388,24,0.3
171,31,0.3
297,24,0.3
183,119,0.3
297,73,0.3
120,67,0.3
274,34,0.3
337,40,0.3
388,3,0.3
491,9,0.3
246,34,0.3
69,22,0.3
325,34,0.3
184,39,0.3
144,17,0.3
502,42,0.3
377,24,0.3
428,17,0.3
452,0,0.3
31,24,0.3
236,40,0.3
71,13,0.3
185,73,0.3
43,31,0.3
248,17,0.3
379,13,0.3
351,54,0.3
135,13,0.3
84,10,0.3
187,24,0.3
482,36,0.3
45,67,0.3
73,46,0.3
124,11,0.3
404,0,0.3
73,40,0.3
176,9,0.3
381,2,0.3
290,25,0.3
34,16,0.3
393,3,0.3
74,27,0.3
279,73,0.3
330,24,0.3
46,3,0.3
302,119,0.3
330,25,0.3
35,46,0.3
189,54,0.3
382,54,0.3
47,1,0.3
331,3,0.3
99,17,0.3
344,16,0.3
498,13,0.3
458,17,0.3
384,67,0.3
89,1,0.3
294,3,0.3
408,33,0.3
140,10,0.3
254,28,0.3
459,25,0.3
436,28,0.3
39,8,0.3
448,7,0.3
334,3,0.3
346,34,0.3
78,24,0.3
460,39,0.3
461,36,0.3
233,1,0.3
194,1,0.3
245,10,0.3
450,13,0.3
461,46,0.3
131,33,0.3
245,34,0.3
103,39,0.3
92,27,0.3
450,8,0.3
52,10,0.3
308,6,0.3
502,73,0.3
308,25,0.3
490,36,0.3
41,6,0.3
144,73,0.3
235,67,0.3
235,8,0.3
144,28,0.3
105,8,0.3
491,24,0.3
235,28,0.3
389,6,0.3
43,40,0.3
94,39,0.3
413,24,0.3
515,73,0.3
43,46,0.3
32,46,0.3
390,6,0.3
441,42,0.3
249,31,0.3
442,1,0.3
442,13,0.3
352,13,0.3
210,31,0.3
33,9,0.3
494,9,0.3
403,40,0.3
352,2,0.3
210,3,0.3
506,33,0.3
466,10,0.3
148,34,0.3
404,2,0.3
85,27,0.3
148,3,0.3
341,36,0.3
353,27,0.3
188,27,0.3
507,119,0.3
239,28,0.3
354,2,0.3
58,73,0.3
519,39,0.3
137,9,0.3
47,22,0.3
110,7,0.3
519,11,0.3
342,40,0.3
59,40,0.3
366,13,0.3
469,10,0.3
37,33,0.3
419,3,0.3
419,67,0.3
254,39,0.3
356,33,0.3
293,73,0.3
163,24,0.3
266,13,0.3
50,6,0.3
203,8,0.3
357,54,0.3
368,54,0.3
459,27,0.3
164,28,0.3
318,17,0.3
113,7,0.3
420,67,0.3
90,17,0.3
358,54,0.3
460,11,0.3
255,33,0.3
512,24,0.3
397,0,0.3
449,3,0.3
256,11,0.3
449,42,0.3
102,40,0.3
370,16,0.3
256,3,0.3
205,31,0.3
115,16,0.3
40,46,0.3
142,67,0.3
371,11,0.3
257,25,0.3
411,27,0.3
143,40,0.3
297,33,0.3
360,16,0.3
297,3,0.3
372,9,0.3
515,3,0.3
270,16,0.3
117,25,0.3
271,42,0.3
413,2,0.3
43,31,0.3
158,2,0.3
118,67,0.3
43,16,0.3
272,11,0.3
402,54,0.3
221,22,0.3
272,1,0.3
95,6,0.3
505,2,0.3
261,2,0.3
364,13,0.3
478,119,0.3
403,28,0.3
364,46,0.3
250,17,0.3
57,1,0.3
376,10,0.3
250,2,0.3
467,9,0.3
58,25,0.3
314,27,0.3
507,24,0.3
263,34,0.3
251,0,0.3
302,6,0.3
507,3,0.3
172,9,0.3
98,27,0.3
200,25,0.3
480,11,0.3
98,13,0.3
161,39,0.3
150,46,0.3
406,9,0.3
367,10,0.3
20,1,0.3
48,46,0.3
276,24,0.3
99,36,0.3
419,39,0.3
123,16,0.3
317,27,0.3
124,0,0.3
226,73,0.3
278,22,0.3
49,34,0.3
510,31,0.3
62,7,0.3
318,6,0.3
459,119,0.3
267,119,0.3
50,39,0.3
421,27,0.3
318,24,0.3
51,0,0.3
51,3,0.3
421,25,0.3
177,54,0.3
409,67,0.3
217,73,0.3
370,0,0.3
308,33,0.3
64,22,0.3
331,3,0.3
64,39,0.3
115,73,0.3
423,7,0.3
462,54,0.3
167,6,0.3
486,40,0.3
486,46,0.3
77,10,0.3
372,28,0.3
230,28,0.3
219,22,0.3
384,33,0.3
270,10,0.3
117,9,0.3
282,54,0.3
436,7,0.3
259,6,0.3
220,8,0.3
231,34,0.3
436,67,0.3
220,24,0.3
425,33,0.3
437,22,0.3
181,17,0.3
283,9,0.3
106,3,0.3
232,11,0.3
284,8,0.3
488,33,0.3
375,25,0.3
335,46,0.3
28,54,0.3
107,8,0.3
261,6,0.3
170,67,0.3
363,13,0.3
222,6,0.3
159,28,0.3
387,73,0.3
210,34,0.3
313,25,0.3
222,0,0.3
234,0,0.3
159,24,0.3
171,119,0.3
336,9,0.3
439,119,0.3
490,7,0.3
262,40,0.3
376,40,0.3
109,6,0.3
223,33,0.3
235,9,0.3
314,34,0.3
491,39,0.3
314,28,0.3
81,2,0.3
133,28,0.3
70,13,0.3
275,8,0.3
263,24,0.3
417,24,0.3
110,6,0.3
315,28,0.3
493,34,0.3
379,7,0.3
265,9,0.3
367,9,0.3
33,8,0.3
482,42,0.3
419,25,0.3
238,0,0.3
290,9,0.3
125,10,0.3
443,24,0.3
266,73,0.3
420,54,0.3
341,36,0.3
164,119,0.3
113,27,0.3
279,36,0.3
495,17,0.3
228,119,0.3
137,67,0.3
126,33,0.3
35,1,0.3
138,31,0.3
496,25,0.3
268,3,0.3
87,42,0.3
370,119,0.3
229,39,0.3
485,7,0.3
268,11,0.3
319,22,0.3
473,33,0.3
394,28,0.3
383,11,0.3
217,11,0.3
139,17,0.3
486,25,0.3
218,3,0.3
37,24,0.3
333,3,0.3
293,0,0.3
270,2,0.3
423,28,0.3
474,119,0.3
128,27,0.3
179,67,0.3
230,25,0.3
140,2,0.3
345,0,0.3
168,40,0.3
333,1,0.3
321,6,0.3
333,8,0.3
447,40,0.3
66,7,0.3
219,54,0.3
424,10,0.3
436,31,0.3
192,73,0.3
231,67,0.3
141,54,0.3
192,119,0.3
243,22,0.3
38,11,0.3
243,34,0.3
283,22,0.3
67,36,0.3
449,119,0.3
169,16,0.3
130,6,0.3
295,27,0.3
221,73,0.3
182,9,0.3
142,28,0.3
142,16,0.3
29,1,0.3
347,31,0.3
273,40,0.3
131,1,0.3
234,40,0.3
375,31,0.3
143,7,0.3
501,11,0.3
336,9,0.3
246,33,0.3
92,24,0.3
246,11,0.3
195,17,0.3
120,119,0.3
440,11,0.3
133,33,0.3
70,0,0.3
326,13,0.3
42,8,0.3
93,39,0.3
377,7,0.3
338,119,0.3
503,54,0.3
377,16,0.3
122,11,0.3
429,54,0.3
71,28,0.3
173,16,0.3
480,17,0.3
31,40,0.3
145,73,0.3
122,7,0.3
83,25,0.3
248,22,0.3
276,25,0.3
378,25,0.3
378,33,0.3
174,39,0.3
442,10,0.3
351,8,0.3
44,7,0.3
352,28,0.3
124,119,0.3
136,1,0.3
329,7,0.3
226,28,0.3
34,8,0.3
96,46,0.3
431,36,0.3
227,10,0.3
290,36,0.3
278,11,0.3
149,33,0.3
342,31,0.3
23,16,0.3
125,0,0.3
200,42,0.3
382,27,0.3
433,42,0.3
47,8,0.3
331,11,0.3
138,9,0.3
150,73,0.3
75,8,0.3
331,6,0.3
406,36,0.3
178,54,0.3
498,119,0.3
345,2,0.3
305,54,0.3
510,40,0.3
77,46,0.3
128,36,0.3
384,39,0.3
101,3,0.3
180,39,0.3
231,6,0.3
89,39,0.3
204,42,0.3
129,13,0.3
153,6,0.3
385,1,0.3
397,8,0.3
255,16,0.3
358,17,0.3
334,42,0.3
232,6,0.3
181,34,0.3
154,1,0.3
103,22,0.3
347,46,0.3
52,27,0.3
28,46,0.3
233,2,0.3
40,16,0.3
308,10,0.3
359,27,0.3
284,16,0.3
399,0,0.3
182,11,0.3
438,27,0.3
41,34,0.3
360,119,0.3
29,11,0.3
234,40,0.3
206,16,0.3
80,67,0.3
30,0,0.3
93,40,0.3
451,6,0.3
503,28,0.3
503,25,0.3
54,31,0.3
298,25,0.3
105,25,0.3
310,40,0.3
247,31,0.3
515,11,0.3
440,67,0.3
453,2,0.3
208,40,0.3
338,73,0.3
339,10,0.3
107,6,0.3
44,42,0.3
352,3,0.3
159,31,0.3
159,24,0.3
33,16,0.3
443,42,0.3
364,11,0.3
136,36,0.3
46,25,0.3
160,73,0.3
519,2,0.3
149,9,0.3
200,7,0.3
303,2,0.3
456,10,0.3
405,34,0.3
240,67,0.3
98,2,0.3
60,54,0.3
87,34,0.3
253,1,0.3
446,13,0.3
37,8,0.3
140,2,0.3
419,17,0.3
215,73,0.3
345,10,0.3
345,40,0.3
511,3,0.3
192,67,0.3
448,10,0.3
420,11,0.3
472,33,0.3
216,9,0.3
421,22,0.3
461,39,0.3
52,46,0.3
422,40,0.3
359,0,0.3
473,54,0.3
473,31,0.3
399,6,0.3
320,27,0.3
309,36,0.3
218,40,0.3
320,119,0.3
53,31,0.3
412,73,0.3
321,6,0.3
400,46,0.3
502,28,0.3
105,1,0.3
144,36,0.3
246,46,0.3
105,0,0.3
412,34,0.3
168,67,0.3
373,42,0.3
400,13,0.3
259,54,0.3
349,11,0.3
105,31,0.3
298,39,0.3
157,54,0.3
322,46,0.3
247,27,0.3
401,10,0.3
452,2,0.3
414,40,0.3
476,16,0.3
414,33,0.3
146,31,0.3
323,40,0.3
477,25,0.3
147,36,0.3
403,22,0.3
198,33,0.3
261,8,0.3
45,40,0.3
301,54,0.3
313,25,0.3
171,1,0.3
222,10,0.3
171,9,0.3
222,24,0.3
376,39,0.3
69,17,0.3
404,25,0.3
57,39,0.3
211,73,0.3
262,119,0.3
404,6,0.3
211,1,0.3
109,67,0.3
200,34,0.3
468,54,0.3
212,39,0.3
275,16,0.3
161,33,0.3
405,17,0.3
327,42,0.3
162,28,0.3
264,9,0.3
20,16,0.3
470,31,0.3
458,17,0.3
368,0,0.3
407,73,0.3
266,36,0.3
305,39,0.3
112,40,0.3
419,16,0.3
305,9,0.3
215,8,0.3
254,3,0.3
62,0,0.3
318,1,0.3
176,27,0.3
381,73,0.3
472,27,0.3
483,7,0.3
409,17,0.3
279,67,0.3
102,34,0.3
256,9,0.3
114,24,0.3
307,13,0.3
177,17,0.3
484,67,0.3
205,8,0.3
24,1,0.3
229,31,0.3
52,22,0.3
280,27,0.3
462,31,0.3
229,25,0.3
320,46,0.3
332,34,0.3
309,39,0.3
474,25,0.3
53,67,0.3
423,9,0.3
475,24,0.3
179,39,0.3
487,46,0.3
219,6,0.3
322,9,0.3
259,67,0.3
361,0,0.3
464,2,0.3
436,13,0.3
487,7,0.3
78,13,0.3
55,54,0.3
362,67,0.3
413,40,0.3
476,24,0.3
283,36,0.3
362,28,0.3
334,10,0.3
260,28,0.3
426,8,0.3
414,3,0.3
68,0,0.3
387,33,0.3
438,1,0.3
414,27,0.3
284,7,0.3
171,9,0.3
478,54,0.3
285,46,0.3
518,8,0.3
132,6,0.3
211,24,0.3
325,22,0.3
132,0,0.3
364,6,0.3
274,34,0.3
286,22,0.3
69,7,0.3
160,31,0.3
274,27,0.3
365,119,0.3
519,24,0.3
133,33,0.3
429,6,0.3
173,0,0.3
339,25,0.3
174,34,0.3
316,8,0.3
481,0,0.3
226,54,0.3
163,22,0.3
379,0,0.3
329,7,0.3
33,31,0.3
368,34,0.4
340,3,0.4
419,73,0.4
329,1,0.4
215,39,0.4
22,6,0.4
483,13,0.4
188,22,0.4
370,24,0.4
484,31,0.4
370,34,0.4
177,22,0.4
63,119,0.4
331,3,0.4
189,13,0.4
445,119,0.4
115,34,0.4
280,36,0.4
36,7,0.4
497,46,0.4
422,39,0.4
344,3,0.4
423,6,0.4
230,11,0.4
88,2,0.4
447,3,0.4
88,42,0.4
270,16,0.4
26,6,0.4
487,25,0.4
140,11,0.4
77,36,0.4
436,10,0.4
487,10,0.4
373,17,0.4
180,34,0.4
448,3,0.4
271,11,0.4
373,46,0.4
397,73,0.4
66,16,0.4
373,119,0.4
322,11,0.4
27,46,0.4
90,46,0.4
193,27,0.4
500,39,0.4
323,10,0.4
425,3,0.4
500,7,0.4
438,34,0.4
67,2,0.4
272,0,0.4
131,13,0.4
284,28,0.4
131,22,0.4
40,25,0.4
477,36,0.4
80,40,0.4
182,31,0.4
399,8,0.4
501,6,0.4
80,0,0.4
297,25,0.4
120,73,0.4
183,27,0.4
222,24,0.4
439,67,0.4
132,11,0.4
183,10,0.4
439,40,0.4
172,33,0.4
400,33,0.4
440,36,0.4
349,28,0.4
428,73,0.4
480,31,0.4
185,7,0.4
275,22,0.4
326,46,0.4
145,11,0.4
401,7,0.4
327,9,0.4
146,67,0.4
146,28,0.4
379,27,0.4
493,13,0.4
44,16,0.4
95,33,0.4
146,40,0.4
21,16,0.4
300,1,0.4
33,25,0.4
403,40,0.4
301,9,0.4
403,22,0.4
124,16,0.4
226,33,0.4
506,7,0.4
34,73,0.4
239,34,0.4
188,73,0.4
495,1,0.4
228,119,0.4
177,33,0.4
228,2,0.4
137,7,0.4
456,36,0.4
23,10,0.4
74,7,0.4
330,34,0.4
445,9,0.4
228,27,0.4
35,16,0.4
457,39,0.4
24,3,0.4
177,39,0.4
127,25,0.4
497,10,0.4
150,28,0.4
24,31,0.4
485,6,0.4
190,28,0.4
355,119,0.4
458,36,0.4
344,27,0.4
151,0,0.4
407,3,0.4
332,0,0.4
88,25,0.4
202,3,0.4
253,54,0.4
509,17,0.4
305,10,0.4
498,0,0.4
254,3,0.4
38,31,0.4
26,17,0.4
294,6,0.4
26,7,0.4
180,22,0.4
397,39,0.4
50,46,0.4
78,13,0.4
397,11,0.4
180,16,0.4
243,9,0.4
50,27,0.4
306,11,0.4
460,9,0.4
78,31,0.4
141,6,0.4
232,39,0.4
488,36,0.4
204,25,0.4
511,33,0.4
130,17,0.4
244,1,0.4
500,39,0.4
307,42,0.4
449,34,0.4
91,31,0.4
449,39,0.4
51,10,0.4
359,40,0.4
410,42,0.4
40,25,0.4
257,11,0.4
183,42,0.4
360,33,0.4
234,6,0.4
207,25,0.4
286,25,0.4
247,27,0.4
105,6,0.4
503,34,0.4
350,17,0.4
452,36,0.4
43,67,0.4
350,39,0.4
350,31,0.4
401,34,0.4
106,67,0.4
441,6,0.4
236,0,0.4
197,73,0.4
362,16,0.4
209,73,0.4
44,3,0.4
312,36,0.4
96,119,0.4
414,33,0.4
517,8,0.4
108,27,0.4
403,8,0.4
108,3,0.4
518,9,0.4
187,10,0.4
45,22,0.4
290,0,0.4
341,6,0.4
404,28,0.4
160,11,0.4
136,2,0.4
211,0,0.4
211,34,0.4
86,16,0.4
212,2,0.4
365,36,0.4
188,119,0.4
314,16,0.4
47,39,0.4
252,46,0.4
161,11,0.4
252,34,0.4
87,119,0.4
292,28,0.4
509,16,0.4
162,6,0.4
88,2,0.4
446,3,0.4
151,31,0.4
510,8,0.4
163,1,0.4
498,28,0.4
254,119,0.4
408,7,0.4
317,0,0.4
420,39,0.4
203,46,0.4
396,25,0.4
62,11,0.4
192,10,0.4
255,31,0.4
141,0,0.4
267,8,0.4
62,25,0.4
256,33,0.4
409,8,0.4
244,22,0.4
370,73,0.4
398,33,0.4
165,24,0.4
217,8,0.4
91,36,0.4
398,7,0.4
217,22,0.4
92,42,0.4
308,25,0.4
371,31,0.4
167,10,0.4
93,39,0.4
412,42,0.4
43,0,0.4
117,40,0.4
504,34,0.4
248,27,0.4
55,33,0.4
516,39,0.4
425,31,0.4
158,6,0.4
248,13,0.4
454,39,0.4
426,40,0.4
454,34,0.4
273,3,0.4
45,3,0.4
273,24,0.4
301,28,0.4
506,28,0.4
57,42,0.4
120,67,0.4
45,67,0.4
314,33,0.4
302,119,0.4
200,73,0.4
161,6,0.4
377,2,0.4
200,39,0.4
59,6,0.4
264,16,0.4
150,73,0.4
406,34,0.4
457,119,0.4
508,36,0.4
111,10,0.4
276,6,0.4
111,22,0.4
123,17,0.4
225,73,0.4
509,8,0.4
470,25,0.4
21,27,0.4
356,34,0.4
431,34,0.4
277,3,0.4
510,0,0.4
459,33,0.4
317,42,0.4
124,6,0.4
113,73,0.4
255,28,0.4
216,6,0.4
511,119,0.4
511,39,0.4
125,40,0.4
102,40,0.4
433,1,0.4
216,67,0.4
268,22,0.4
433,46,0.4
114,31,0.4
473,67,0.4
75,22,0.4
154,119,0.4
177,0,0.4
433,28,0.4
268,27,0.4
434,28,0.4
166,73,0.4
473,119,0.4
257,17,0.4
371,6,0.4
359,16,0.4
269,36,0.4
64,40,0.4
155,17,0.4
116,42,0.4
128,73,0.4
116,22,0.4
321,36,0.4
514,22,0.4
156,54,0.4
412,54,0.4
207,42,0.4
208,31,0.4
310,36,0.4
271,7,0.4
322,10,0.4
373,13,0.4
476,1,0.4
515,25,0.4
374,54,0.4
180,3,0.4
323,31,0.4
209,73,0.4
130,54,0.4
488,3,0.4
106,17,0.4
414,39,0.4
181,22,0.4
363,54,0.4
28,31,0.4
107,10,0.4
119,39,0.4
182,0,0.4
438,10,0.4
273,3,0.4
438,17,0.4
285,27,0.4
262,31,0.4
57,16,0.4
262,33,0.4
313,36,0.4
428,11,0.4
132,1,0.4
58,6,0.4
416,67,0.4
223,27,0.4
338,24,0.4
326,39,0.4
82,39,0.4
491,17,0.4
468,2,0.4
236,42,0.4
185,28,0.4
185,54,0.4
390,36,0.4
390,24,0.4
162,39,0.4
213,39,0.4
327,13,0.4
469,11,0.4
225,73,0.4
162,24,0.4
419,42,0.4
470,22,0.4
328,31,0.4
317,40,0.4
368,73,0.4
135,119,0.4
226,10,0.4
443,6,0.4
215,33,0.4
317,3,0.4
471,40,0.4
392,16,0.4
61,67,0.4
34,16,0.4
74,8,0.4
125,28,0.4
74,54,0.4
381,27,0.4
290,31,0.4
472,36,0.4
35,13,0.4
444,34,0.4
228,13,0.4
114,36,0.4
75,17,0.4
86,6,0.4
371,31,0.4
292,33,0.4
64,17,0.4
166,39,0.4
395,73,0.4
37,54,0.4
269,25,0.4
384,31,0.4
293,7,0.4
219,24,0.4
436,1,0.4
89,10,0.4
140,17,0.4
140,7,0.4
192,40,0.4
437,39,0.4
374,39,0.4
79,3,0.4
449,22,0.4
244,24,0.4
272,13,0.4
79,28,0.4
387,24,0.4
68,9,0.4
119,1,0.4
375,36,0.4
131,11,0.4
143,28,0.4
119,40,0.4
325,39,0.4
427,22,0.4
286,22,0.4
349,16,0.4
376,40,0.4
69,11,0.4
82,9,0.4
184,33,0.4
224,31,0.4
326,119,0.4
299,13,0.4
503,6,0.4
173,10,0.4
480,46,0.4
276,33,0.4
43,3,0.4
402,10,0.4
71,9,0.4
493,25,0.4
277,3,0.4
430,31,0.4
226,3,0.4
289,27,0.4
198,11,0.4
352,67,0.4
96,0,0.4
301,3,0.4
176,46,0.4
341,25,0.4
432,22,0.4
46,28,0.4
200,24,0.4
227,119,0.4
432,1,0.4
456,24,0.4
484,17,0.4
86,22,0.4
240,7,0.4
240,31,0.4
331,7,0.4
75,25,0.4
87,27,0.4
406,0,0.4
457,73,0.4
36,119,0.4
497,13,0.4
252,73,0.4
304,33,0.4
139,34,0.4
76,119,0.4
229,13,0.4
88,8,0.4
486,0,0.4
242,73,0.4
498,73,0.4
151,33,0.4
345,13,0.4
459,1,0.4
282,39,0.4
203,54,0.4
345,39,0.4
203,33,0.4
345,22,0.4
282,16,0.4
511,39,0.4
334,11,0.4
295,16,0.4
90,36,0.4
50,7,0.4
306,6,0.4
90,28,0.4
153,9,0.4
449,0,0.4
181,27,0.4
488,31,0.4
205,34,0.4
233,7,0.4
398,0,0.4
387,9,0.4
257,39,0.4
336,73,0.4
246,73,0.4
52,16,0.4
257,34,0.4
285,25,0.4
502,31,0.4
53,31,0.4
411,39,0.4
183,22,0.4
195,33,0.4
361,119,0.4
93,1,0.4
156,8,0.4
286,16,0.4
30,1,0.4
133,1,0.4
54,9,0.4
361,33,0.4
94,27,0.4
196,11,0.4
413,67,0.4
350,25,0.4
236,31,0.4
248,73,0.4
32,28,0.4
454,28,0.4
209,46,0.4
288,42,0.4
84,3,0.4
135,25,0.4
249,28,0.4
466,46,0.4
261,54,0.4
136,7,0.4
443,67,0.4
301,9,0.4
518,42,0.4
250,67,0.4
353,10,0.4
518,16,0.4
443,36,0.4
211,67,0.4
456,33,0.4
160,67,0.4
149,27,0.4
252,7,0.4
263,34,0.4
138,7,0.4
417,8,0.4
189,25,0.4
240,40,0.4
99,8,0.4
150,2,0.4
253,16,0.4
315,0,0.4
99,28,0.4
509,7,0.4
60,42,0.4
265,7,0.4
253,17,0.4
265,1,0.4
395,3,0.4
111,34,0.4
266,16,0.4
254,25,0.4
191,7,0.4
306,7,0.4
140,7,0.4
499,25,0.4
408,36,0.4
164,33,0.4
294,24,0.4
102,33,0.4
153,6,0.4
90,27,0.4
102,67,0.4
295,119,0.4
153,67,0.4
472,22,0.4
295,39,0.4
359,7,0.4
52,73,0.4
193,11,0.4
449,73,0.4
103,3,0.4
308,16,0.4
347,24,0.4
296,11,0.4
308,17,0.4
513,7,0.4
194,2,0.4
423,0,0.4
194,42,0.4
423,22,0.4
399,22,0.4
360,27,0.4
372,42,0.4
104,13,0.4
41,119,0.4
423,9,0.4
475,67,0.4
475,7,0.4
503,3,0.4
208,33,0.4
219,8,0.4
54,0,0.4
106,6,0.4
413,22,0.4
350,1,0.4
208,13,0.4
311,11,0.4
515,1,0.4
43,34,0.4
299,46,0.4
402,22,0.4
425,9,0.4
146,0,0.4
414,34,0.4
44,13,0.4
158,17,0.4
44,73,0.4
210,1,0.4
119,54,0.4
159,39,0.4
119,16,0.4
313,16,0.4
415,54,0.4
518,31,0.4
262,27,0.4
313,6,0.4
160,22,0.4
211,67,0.4
223,7,0.4
148,33,0.4
428,119,0.4
97,27,0.4
468,8,0.4
377,27,0.4
519,8,0.4
173,13,0.4
224,8,0.4
480,25,0.4
469,42,0.4
378,33,0.4
252,67,0.4
406,33,0.4
71,34,0.4
252,27,0.4
174,3,0.4
214,11,0.4
481,54,0.4
509,40,0.4
316,119,0.4
49,119,0.4
328,73,0.4
254,46,0.4
175,31,0.4
151,8,0.4
61,40,0.4
431,2,0.4
408,25,0.4
510,6,0.4
175,67,0.4
329,22,0.4
227,28,0.4
74,31,0.4
370,27,0.4
255,40,0.4
512,16,0.4
319,6,0.4
115,27,0.4
205,22,0.4
178,27,0.4
485,11,0.4
217,13,0.4
64,3,0.4
115,54,0.4
320,27,0.4
155,27,0.4
371,9,0.4
462,7,0.4
116,73,0.4
167,25,0.4
218,17,0.4
104,3,0.4
65,25,0.4
258,11,0.4
65,24,0.4
156,34,0.4
384,67,0.4
333,6,0.4
207,16,0.4
310,17,0.4
373,9,0.4
128,46,0.4
384,22,0.4
436,36,0.4
168,17,0.4
282,28,0.4
464,36,0.4
385,0,0.4
334,22,0.4
157,40,0.4
208,10,0.4
413,33,0.4
27,46,0.4
129,13,0.4
208,7,0.4
181,16,0.4
232,36,0.4
516,2,0.4
488,7,0.4
516,27,0.4
426,17,0.4
386,10,0.4
426,67,0.4
119,27,0.4
80,7,0.4
80,67,0.4
183,119,0.4
69,33,0.4
223,3,0.4
479,54,0.4
439,39,0.4
479,7,0.4
365,34,0.4
377,22,0.4
428,24,0.4
235,11,0.4
491,9,0.4
82,119,0.4
133,11,0.4
378,1,0.4
133,42,0.4
236,9,0.4
161,73,0.4
417,40,0.4
71,3,0.4
173,54,0.4
82,42,0.4
59,28,0.4
429,54,0.4
134,0,0.4
492,31,0.4
418,24,0.4
288,34,0.4
123,6,0.4
135,17,0.4
288,25,0.4
60,24,0.4
136,10,0.5
215,10,0.5
22,1,0.5
164,3,0.5
239,25,0.5
164,2,0.5
444,0,0.5
267,13,0.5
421,28,0.5
86,27,0.5
444,3,0.5
114,31,0.5
472,22,0.5
23,1,0.5
433,3,0.5
86,46,0.5
63,42,0.5
433,7,0.5
445,10,0.5
24,46,0.5
217,28,0.5
473,13,0.5
76,31,0.5
87,40,0.5
166,13,0.5
371,46,0.5
76,67,0.5
497,17,0.5
344,22,0.5
344,25,0.5
270,33,0.5
37,27,0.5
385,7,0.5
334,67,0.5
322,119,0.5
78,28,0.5
436,16,0.5
294,27,0.5
488,67,0.5
169,10,0.5
39,31,0.5
78,39,0.5
39,28,0.5
323,119,0.5
488,40,0.5
193,3,0.5
386,46,0.5
437,11,0.5
91,22,0.5
142,73,0.5
193,28,0.5
233,8,0.5
438,36,0.5
91,33,0.5
68,25,0.5
29,13,0.5
387,10,0.5
92,8,0.5
234,8,0.5
194,3,0.5
81,67,0.5
132,31,0.5
490,31,0.5
479,34,0.5
235,2,0.5
41,17,0.5
451,54,0.5
428,3,0.5
184,16,0.5
451,46,0.5
440,54,0.5
479,8,0.5
121,73,0.5
377,25,0.5
82,39,0.5
338,1,0.5
492,34,0.5
247,73,0.5
121,27,0.5
378,27,0.5
94,11,0.5
350,67,0.5
493,46,0.5
225,13,0.5
32,0,0.5
237,67,0.5
71,54,0.5
197,11,0.5
276,2,0.5
505,46,0.5
225,11,0.5
135,33,0.5
123,7,0.5
226,119,0.5
289,1,0.5
147,42,0.5
72,54,0.5
277,10,0.5
431,8,0.5
45,36,0.5
277,16,0.5
175,67,0.5
482,119,0.5
187,16,0.5
443,24,0.5
455,25,0.5
455,13,0.5
97,27,0.5
393,24,0.5
303,67,0.5
228,7,0.5
354,2,0.5
75,22,0.5
126,39,0.5
189,46,0.5
496,17,0.5
24,16,0.5
280,36,0.5
395,2,0.5
201,28,0.5
76,31,0.5
383,54,0.5
241,31,0.5
48,25,0.5
190,6,0.5
435,3,0.5
140,28,0.5
191,9,0.5
230,39,0.5
152,17,0.5
408,3,0.5
306,34,0.5
333,54,0.5
282,46,0.5
385,8,0.5
487,27,0.5
357,34,0.5
307,7,0.5
398,16,0.5
386,11,0.5
40,34,0.5
205,11,0.5
256,16,0.5
194,46,0.5
348,22,0.5
513,1,0.5
131,10,0.5
206,9,0.5
359,31,0.5
143,16,0.5
80,119,0.5
143,40,0.5
348,119,0.5
309,119,0.5
309,8,0.5
155,11,0.5
514,27,0.5
132,25,0.5
490,28,0.5
502,8,0.5
337,22,0.5
144,1,0.5
309,40,0.5
184,22,0.5
401,31,0.5
452,22,0.5
156,73,0.5
105,39,0.5
287,7,0.5
338,119,0.5
184,36,0.5
248,6,0.5
94,36,0.5
362,54,0.5
350,0,0.5
185,0,0.5
83,9,0.5
134,40,0.5
363,36,0.5
44,46,0.5
340,34,0.5
158,10,0.5
289,67,0.5
340,22,0.5
56,6,0.5
147,13,0.5
301,25,0.5
261,25,0.5
57,27,0.5
85,119,0.5
289,6,0.5
392,1,0.5
302,9,0.5
467,46,0.5
251,13,0.5
34,119,0.5
46,9,0.5
314,33,0.5
468,9,0.5
342,46,0.5
303,11,0.5
508,36,0.5
110,8,0.5
303,6,0.5
315,27,0.5
36,73,0.5
150,7,0.5
252,22,0.5
497,25,0.5
150,33,0.5
304,1,0.5
264,46,0.5
343,8,0.5
151,3,0.5
139,2,0.5
304,34,0.5
509,24,0.5
162,33,0.5
241,10,0.5
497,36,0.5
151,22,0.5
190,31,0.5
498,119,0.5
49,39,0.5
101,24,0.5
215,67,0.5
141,27,0.5
101,17,0.5
192,13,0.5
102,46,0.5
204,11,0.5
307,11,0.5
165,67,0.5
318,73,0.5
193,67,0.5
216,8,0.5
307,0,0.5
63,36,0.5
347,2,0.5
449,25,0.5
103,25,0.5
410,27,0.5
410,10,0.5
40,3,0.5
371,0,0.5
245,10,0.5
474,0,0.5
167,28,0.5
41,10,0.5
400,7,0.5
474,13,0.5
219,36,0.5
42,24,0.5
452,73,0.5
361,11,0.5
66,40,0.5
117,54,0.5
310,54,0.5
452,36,0.5
55,1,0.5
94,16,0.5
322,42,0.5
425,36,0.5
169,54,0.5
504,7,0.5
504,3,0.5
67,0,0.5
170,31,0.5
375,7,0.5
44,67,0.5
147,46,0.5
403,46,0.5
466,28,0.5
96,16,0.5
199,0,0.5
108,42,0.5
455,73,0.5
506,67,0.5
478,54,0.5
109,54,0.5
518,34,0.5
376,6,0.5
519,24,0.5
354,40,0.5
507,54,0.5
508,6,0.5
355,67,0.5
276,13,0.5
457,11,0.5
202,13,0.5
458,67,0.5
367,67,0.5
277,13,0.5
21,22,0.5
482,67,0.5
49,40,0.5
305,8,0.5
407,7,0.5
254,33,0.5
61,119,0.5
50,11,0.5
483,31,0.5
279,2,0.5
460,22,0.5
165,22,0.5
382,13,0.5
268,24,0.5
370,9,0.5
228,40,0.5
461,40,0.5
280,1,0.5
76,36,0.5
474,54,0.5
434,73,0.5
25,0,0.5
76,2,0.5
411,25,0.5
179,31,0.5
282,25,0.5
258,73,0.5
117,40,0.5
282,13,0.5
361,8,0.5
54,31,0.5
106,11,0.5
464,6,0.5
385,24,0.5
283,22,0.5
181,1,0.5
311,28,0.5
426,28,0.5
130,17,0.5
272,2,0.5
182,2,0.5
477,0,0.5
182,1,0.5
363,1,0.5
68,27,0.5
29,34,0.5
261,67,0.5
466,33,0.5
467,2,0.5
183,7,0.5
337,25,0.5
337,1,0.5
416,13,0.5
58,7,0.5
212,10,0.5
314,7,0.5
59,39,0.5
110,28,0.5
519,28,0.5
492,67,0.5
315,24,0.5
123,2,0.5
225,25,0.5
481,9,0.5
60,40,0.5
316,13,0.5
237,42,0.5
111,17,0.5
162,9,0.5
32,10,0.5
470,67,0.5
442,16,0.5
238,46,0.5
340,16,0.5
419,22,0.5
494,46,0.5
483,6,0.5
33,34,0.5
85,2,0.5
341,11,0.5
73,54,0.5
136,25,0.5
85,24,0.5
290,8,0.5
495,54,0.5
34,36,0.5
137,13,0.5
393,119,0.5
62,10,0.5
177,6,0.5
291,54,0.5
177,27,0.5
35,7,0.5
35,11,0.5
189,27,0.5
382,27,0.5
240,46,0.5
292,13,0.5
371,54,0.5
485,17,0.5
166,67,0.5
241,3,0.5
25,6,0.5
230,3,0.5
292,46,0.5
115,27,0.5
423,54,0.5
190,46,0.5
128,24,0.5
293,22,0.5
498,28,0.5
167,1,0.5
37,2,0.5
447,42,0.5
373,2,0.5
243,25,0.5
26,9,0.5
334,28,0.5
397,36,0.5
141,119,0.5
499,16,0.5
425,6,0.5
169,8,0.5
28,67,0.5
181,40,0.5
142,67,0.5
170,31,0.5
221,17,0.5
245,8,0.5
170,46,0.5
284,46,0.5
450,2,0.5
170,24,0.5
426,24,0.5
69,39,0.5
427,25,0.5
41,2,0.5
286,8,0.5
337,1,0.5
348,31,0.5
171,1,0.5
132,73,0.5
246,24,0.5
349,22,0.5
144,42,0.5
172,3,0.5
452,9,0.5
452,73,0.5
378,40,0.5
452,11,0.5
122,6,0.5
275,3,0.5
390,13,0.5
481,33,0.5
327,13,0.5
44,17,0.5
402,119,0.5
340,39,0.5
391,42,0.5
72,13,0.5
505,17,0.5
328,16,0.5
198,7,0.5
482,17,0.5
84,8,0.5
187,17,0.5
289,39,0.5
392,0,0.5
443,39,0.5
329,39,0.5
250,2,0.5
22,6,0.5
124,42,0.5
329,16,0.5
125,11,0.5
199,40,0.5
125,7,0.5
176,73,0.5
444,27,0.5
239,28,0.5
496,0,0.5
291,0,0.5
496,73,0.5
126,28,0.5
343,11,0.5
201,119,0.5
252,33,0.5
280,9,0.5
433,34,0.5
485,0,0.5
292,17,0.5
434,67,0.5
87,0,0.5
178,11,0.5
139,42,0.5
395,1,0.5
202,22,0.5
509,2,0.5
281,33,0.5
100,54,0.5
38,67,0.5
447,24,0.5
396,13,0.5
436,119,0.5
448,9,0.5
294,36,0.5
448,6,0.5
90,10,0.5
511,24,0.5
500,24,0.5
129,22,0.5
295,42,0.5
307,27,0.5
205,24,0.5
409,25,0.5
296,25,0.5
512,17,0.5
501,39,0.5
52,11,0.5
52,8,0.5
103,10,0.5
308,42,0.5
29,42,0.5
155,16,0.5
451,67,0.5
41,54,0.5
132,13,0.5
451,22,0.5
42,9,0.5
132,2,0.5
286,2,0.5
463,67,0.5
30,27,0.5
389,73,0.5
247,39,0.5
412,8,0.5
389,46,0.5
441,1,0.5
413,119,0.5
94,16,0.5
146,2,0.5
504,119,0.5
209,3,0.5
311,3,0.5
465,34,0.5
288,10,0.5
95,36,0.5
146,13,0.5
248,36,0.5
414,8,0.5
442,7,0.5
198,39,0.5
312,22,0.5
517,0,0.5
403,36,0.5
454,10,0.5
96,54,0.5
262,8,0.5
199,67,0.5
160,36,0.5
251,54,0.5
263,3,0.5
495,27,0.5
200,1,0.5
188,16,0.5
58,46,0.5
47,9,0.5
315,2,0.5
291,28,0.5
508,7,0.5
394,22,0.5
190,39,0.5
202,16,0.5
36,9,0.5
99,0,0.5
316,16,0.5
418,31,0.5
139,7,0.5
202,8,0.5
356,9,0.5
396,11,0.5
152,67,0.5
38,39,0.5
50,0,0.5
460,10,0.5
50,34,0.5
511,33,0.5
471,42,0.5
204,10,0.5
113,34,0.5
165,39,0.5
318,8,0.5
421,3,0.5
90,11,0.5
244,46,0.5
398,16,0.5
358,0,0.5
472,34,0.5
347,25,0.5
421,7,0.5
245,27,0.5
154,24,0.5
359,3,0.5
194,34,0.5
501,7,0.5
206,8,0.5
257,39,0.5
513,46,0.5
309,25,0.5
143,34,0.5
502,8,0.5
155,34,0.5
514,16,0.5
297,42,0.5
514,3,0.5
167,34,0.5
116,3,0.5
502,2,0.5
156,11,0.5
424,11,0.5
54,54,0.5
322,3,0.5
503,17,0.5
259,28,0.5
362,3,0.5
476,10,0.5
516,0,0.5
169,7,0.5
248,42,0.5
221,17,0.5
300,67,0.5
158,39,0.5
119,8,0.5
517,27,0.5
300,17,0.5
159,2,0.5
312,16,0.5
517,1,0.5
324,9,0.5
57,24,0.5
455,54,0.5
507,10,0.5
353,3,0.5
212,13,0.5
428,0,0.5
456,10,0.5
58,7,0.5
251,28,0.5
212,31,0.5
70,54,0.5
326,24,0.5
456,42,0.5
201,40,0.5
303,33,0.5
354,22,0.5
508,3,0.5
480,39,0.5
162,119,0.5
327,16,0.5
469,17,0.5
481,31,0.5
60,9,0.5
162,0,0.5
469,67,0.5
265,8,0.5
174,73,0.5
356,2,0.5
163,36,0.5
328,67,0.5
163,3,0.5
226,6,0.5
163,40,0.5
226,33,0.5
459,10,0.5
73,119,0.5
203,16,0.5
408,24,0.5
420,1,0.5
227,39,0.5
432,54,0.5
483,46,0.5
227,119,0.5
204,17,0.5
114,54,0.5
484,1,0.5
205,119,0.5
279,16,0.5
422,24,0.5
256,7,0.5
166,2,0.5
422,17,0.5
485,39,0.5
24,7,0.5
320,16,0.5
24,54,0.5
178,11,0.5
229,40,0.5
383,2,0.5
257,25,0.5
383,39,0.5
269,39,0.5
383,31,0.5
155,73,0.5
360,8,0.5
462,6,0.5
463,28,0.5
321,11,0.5
486,24,0.5
105,39,0.5
309,46,0.5
373,54,0.5
463,25,0.5
385,2,0.5
413,3,0.5
118,7,0.5
374,7,0.5
78,11,0.5
362,10,0.5
67,54,0.5
374,22,0.5
28,36,0.5
209,9,0.5
233,9,0.5
516,40,0.5
324,36,0.5
324,17,0.5
56,54,0.5
478,9,0.5
171,31,0.5
375,24,0.5
131,28,0.5
108,17,0.5
388,2,0.5
490,119,0.5
364,36,0.5
416,16,0.5
132,11,0.5
388,9,0.5
224,73,0.5
184,34,0.5
224,42,0.5
389,31,0.5
429,28,0.5
440,7,0.5
225,6,0.5
276,67,0.5
430,33,0.5
32,119,0.5
288,73,0.5
492,22,0.5
264,22,0.5
367,36,0.5
339,2,0.5
316,119,0.5
186,54,0.5
277,16,0.5
187,39,0.5
494,73,0.5
163,27,0.6
22,46,0.6
238,16,0.6
61,28,0.6
85,3,0.6
187,28,0.6
290,119,0.6
483,40,0.6
392,73,0.6
165,67,0.6
267,9,0.6
472,119,0.6
382,6,0.6
342,16,0.6
370,54,0.6
319,34,0.6
24,73,0.6
189,17,0.6
422,54,0.6
343,9,0.6
422,67,0.6
189,8,0.6
64,9,0.6
178,39,0.6
25,67,0.6
434,17,0.6
87,39,0.6
383,54,0.6
127,16,0.6
218,6,0.6
474,7,0.6
332,119,0.6
435,33,0.6
447,67,0.6
26,40,0.6
231,7,0.6
65,27,0.6
372,46,0.6
26,10,0.6
129,27,0.6
424,119,0.6
66,9,0.6
78,8,0.6
232,42,0.6
283,31,0.6
488,22,0.6
141,1,0.6
335,11,0.6
272,7,0.6
323,17,0.6
347,33,0.6
221,31,0.6
91,73,0.6
501,39,0.6
233,1,0.6
438,7,0.6
324,2,0.6
194,25,0.6
29,3,0.6
132,119,0.6
451,8,0.6
274,7,0.6
42,119,0.6
325,8,0.6
337,67,0.6
503,10,0.6
491,1,0.6
440,27,0.6
82,46,0.6
276,6,0.6
442,36,0.6
453,42,0.6
20,11,0.6
430,25,0.6
391,10,0.6
147,40,0.6
340,119,0.6
391,9,0.6
135,36,0.6
175,39,0.6
45,54,0.6
73,7,0.6
483,7,0.6
34,31,0.6
251,9,0.6
74,9,0.6
404,16,0.6
393,31,0.6
432,2,0.6
149,27,0.6
302,16,0.6
291,54,0.6
240,34,0.6
394,36,0.6
98,54,0.6
252,16,0.6
228,13,0.6
138,7,0.6
343,7,0.6
24,22,0.6
457,67,0.6
485,22,0.6
395,25,0.6
202,25,0.6
179,25,0.6
407,46,0.6
100,40,0.6
152,9,0.6
140,40,0.6
254,16,0.6
333,8,0.6
243,7,0.6
345,0,0.6
460,54,0.6
511,25,0.6
283,67,0.6
78,8,0.6
39,42,0.6
283,13,0.6
244,8,0.6
40,39,0.6
398,28,0.6
335,7,0.6
130,6,0.6
438,9,0.6
182,36,0.6
92,42,0.6
348,24,0.6
399,3,0.6
104,9,0.6
206,36,0.6
411,34,0.6
53,7,0.6
297,3,0.6
104,33,0.6
258,42,0.6
411,40,0.6
463,10,0.6
360,10,0.6
132,22,0.6
207,40,0.6
235,16,0.6
156,16,0.6
299,73,0.6
259,11,0.6
248,7,0.6
55,40,0.6
157,27,0.6
413,17,0.6
464,1,0.6
209,119,0.6
311,36,0.6
44,36,0.6
197,46,0.6
107,34,0.6
95,119,0.6
146,1,0.6
351,3,0.6
186,28,0.6
493,8,0.6
210,24,0.6
312,11,0.6
84,24,0.6
443,10,0.6
250,28,0.6
313,16,0.6
392,46,0.6
200,10,0.6
239,40,0.6
290,8,0.6
149,17,0.6
251,25,0.6
58,9,0.6
98,31,0.6
393,40,0.6
200,42,0.6
35,28,0.6
98,27,0.6
240,17,0.6
87,10,0.6
161,31,0.6
315,119,0.6
36,42,0.6
343,119,0.6
457,22,0.6
59,31,0.6
48,11,0.6
509,0,0.6
151,9,0.6
367,16,0.6
139,119,0.6
253,13,0.6
242,16,0.6
112,2,0.6
37,31,0.6
139,17,0.6
498,3,0.6
254,10,0.6
470,24,0.6
305,27,0.6
357,24,0.6
408,54,0.6
368,39,0.6
113,8,0.6
266,67,0.6
420,28,0.6
511,2,0.6
420,42,0.6
499,2,0.6
243,39,0.6
307,46,0.6
409,42,0.6
267,33,0.6
369,39,0.6
165,3,0.6
39,1,0.6
512,54,0.6
114,40,0.6
268,7,0.6
39,31,0.6
91,28,0.6
449,36,0.6
500,46,0.6
51,25,0.6
512,17,0.6
319,0,0.6
40,11,0.6
166,3,0.6
206,119,0.6
166,0,0.6
155,25,0.6
52,22,0.6
462,11,0.6
422,42,0.6
246,16,0.6
348,24,0.6
269,8,0.6
258,67,0.6
207,3,0.6
258,17,0.6
349,31,0.6
321,39,0.6
373,13,0.6
424,16,0.6
145,3,0.6
503,67,0.6
168,24,0.6
373,31,0.6
476,13,0.6
248,36,0.6
146,17,0.6
272,54,0.6
323,8,0.6
261,3,0.6
363,10,0.6
414,1,0.6
517,22,0.6
170,1,0.6
273,6,0.6
324,8,0.6
505,42,0.6
148,9,0.6
301,31,0.6
506,40,0.6
416,16,0.6
171,13,0.6
416,119,0.6
172,33,0.6
97,67,0.6
314,2,0.6
405,31,0.6
121,42,0.6
47,22,0.6
47,40,0.6
405,6,0.6
367,25,0.6
225,10,0.6
328,54,0.6
509,1,0.6
368,27,0.6
49,36,0.6
254,10,0.6
305,67,0.6
380,0,0.6
306,3,0.6
306,22,0.6
369,3,0.6
204,33,0.6
62,25,0.6
176,73,0.6
23,6,0.6
153,3,0.6
102,16,0.6
512,17,0.6
473,2,0.6
331,0,0.6
474,36,0.6
206,33,0.6
411,1,0.6
257,39,0.6
308,16,0.6
281,39,0.6
258,1,0.6
207,1,0.6
372,6,0.6
66,28,0.6
282,27,0.6
487,40,0.6
169,7,0.6
66,42,0.6
311,1,0.6
208,42,0.6
67,17,0.6
181,46,0.6
55,33,0.6
130,28,0.6
386,39,0.6
233,33,0.6
56,34,0.6
261,28,0.6
324,33,0.6
28,17,0.6
108,67,0.6
57,73,0.6
325,25,0.6
234,7,0.6
285,31,0.6
325,16,0.6
337,34,0.6
211,28,0.6
518,9,0.6
184,24,0.6
184,2,0.6
468,9,0.6
365,13,0.6
519,2,0.6
429,40,0.6
133,3,0.6
417,119,0.6
366,39,0.6
468,17,0.6
275,24,0.6
59,1,0.6
366,28,0.6
441,46,0.6
367,28,0.6
72,22,0.6
431,34,0.6
61,1,0.6
470,73,0.6
124,22,0.6
392,33,0.6
112,8,0.6
176,6,0.6
329,67,0.6
432,7,0.6
318,31,0.6
484,13,0.6
239,24,0.6
433,24,0.6
495,28,0.6
74,2,0.6
279,28,0.6
63,27,0.6
279,54,0.6
291,31,0.6
268,16,0.6
472,7,0.6
24,1,0.6
394,31,0.6
280,34,0.6
319,67,0.6
280,0,0.6
87,34,0.6
115,17,0.6
485,67,0.6
36,10,0.6
497,6,0.6
64,8,0.6
320,6,0.6
36,8,0.6
25,17,0.6
435,34,0.6
65,40,0.6
37,119,0.6
116,40,0.6
282,6,0.6
179,13,0.6
396,11,0.6
424,17,0.6
65,8,0.6
168,42,0.6
475,1,0.6
487,0,0.6
117,31,0.6
448,28,0.6
499,27,0.6
334,24,0.6
500,119,0.6
28,25,0.6
284,36,0.6
477,67,0.6
67,42,0.6
489,34,0.6
426,34,0.6
272,39,0.6
182,17,0.6
92,34,0.6
296,31,0.6
348,2,0.6
273,119,0.6
285,13,0.6
376,9,0.6
30,6,0.6
92,2,0.6
376,1,0.6
81,8,0.6
235,46,0.6
144,1,0.6
145,33,0.6
298,25,0.6
31,67,0.6
390,28,0.6
83,22,0.6
327,11,0.6
441,73,0.6
504,3,0.6
288,6,0.6
95,27,0.6
174,28,0.6
134,25,0.6
95,39,0.6
379,24,0.6
95,42,0.6
21,46,0.6
505,39,0.6
238,1,0.6
136,28,0.6
238,0,0.6
404,42,0.6
73,9,0.6
124,7,0.6
483,54,0.6
199,16,0.6
455,54,0.6
227,8,0.6
393,6,0.6
330,9,0.6
353,6,0.6
484,9,0.6
189,7,0.6
200,2,0.6
406,27,0.6
87,25,0.6
190,9,0.6
48,13,0.6
292,16,0.6
457,9,0.6
127,0,0.6
292,34,0.6
127,1,0.6
332,28,0.6
395,46,0.6
25,17,0.6
127,67,0.6
139,36,0.6
37,10,0.6
293,7,0.6
356,13,0.6
128,9,0.6
435,25,0.6
486,46,0.6
459,46,0.6
128,46,0.6
357,24,0.6
408,17,0.6
26,40,0.6
243,28,0.6
255,67,0.6
334,2,0.6
436,46,0.6
358,46,0.6
181,46,0.6
397,34,0.6
460,6,0.6
232,22,0.6
51,36,0.6
512,67,0.6
488,119,0.6
28,73,0.6
28,27,0.6
182,28,0.6
513,3,0.6
131,6,0.6
80,33,0.6
387,27,0.6
245,54,0.6
513,28,0.6
257,9,0.6
195,17,0.6
104,27,0.6
132,27,0.6
360,22,0.6
246,119,0.6
258,67,0.6
412,46,0.6
491,13,0.6
452,31,0.6
361,16,0.6
133,11,0.6
259,33,0.6
286,36,0.6
145,36,0.6
196,10,0.6
440,2,0.6
236,25,0.6
145,17,0.6
516,34,0.6
465,9,0.6
505,7,0.6
134,9,0.6
493,0,0.6
147,34,0.6
45,6,0.6
84,10,0.6
301,3,0.6
364,24,0.6
135,17,0.6
313,17,0.6
159,73,0.6
290,24,0.6
507,22,0.6
57,28,0.6
148,42,0.6
467,1,0.6
507,11,0.6
496,22,0.6
445,0,0.6
394,7,0.6
496,39,0.6
418,17,0.6
87,13,0.6
138,13,0.6
445,7,0.6
406,8,0.6
367,7,0.6
469,7,0.6
202,2,0.6
344,24,0.6
88,36,0.6
190,28,0.6
100,7,0.6
60,7,0.6
37,36,0.6
88,11,0.6
191,6,0.6
49,2,0.6
151,7,0.6
61,28,0.6
49,10,0.6
419,8,0.6
38,31,0.6
345,119,0.6
397,1,0.6
62,67,0.6
318,31,0.6
243,11,0.6
499,42,0.6
244,54,0.6
448,13,0.6
62,7,0.6
205,8,0.6
114,17,0.6
193,8,0.6
216,13,0.6
421,36,0.6
205,3,0.6
244,40,0.6
296,31,0.6
194,39,0.6
501,46,0.6
462,2,0.6
115,3,0.6
422,46,0.6
155,9,0.6
92,2,0.6
474,9,0.6
348,39,0.6
474,2,0.6
92,73,0.6
451,24,0.6
463,24,0.6
93,31,0.6
463,2,0.6
65,1,0.6
195,7,0.6
54,34,0.6
65,22,0.6
247,31,0.6
106,10,0.6
196,27,0.6
145,39,0.6
248,24,0.6
465,25,0.6
118,27,0.6
44,28,0.6
158,36,0.6
516,27,0.6
44,46,0.6
198,39,0.6
273,34,0.6
96,34,0.6
68,54,0.6
375,25,0.6
403,2,0.6
262,10,0.6
427,6,0.6
159,31,0.6
274,42,0.6
69,11,0.6
120,28,0.6
274,28,0.6
46,9,0.6
160,3,0.6
519,25,0.6
456,34,0.6
416,1,0.6
70,119,0.6
315,46,0.6
366,16,0.6
173,17,0.6
315,54,0.6
20,3,0.6
457,10,0.6
225,67,0.6
430,39,0.6
253,40,0.6
355,8,0.6
123,8,0.6
481,25,0.6
174,34,0.6
48,1,0.6
253,73,0.6
419,7,0.6
123,31,0.6
123,7,0.6
72,13,0.6
471,9,0.6
152,67,0.6
510,7,0.6
471,36,0.6
278,7,0.6
511,7,0.6
50,3,0.6
62,13,0.6
432,36,0.6
357,9,0.6
216,7,0.6
74,27,0.6
23,31,0.6
484,73,0.6
358,33,0.6
126,6,0.6
154,2,0.6
115,2,0.6
320,3,0.6
422,34,0.6
485,36,0.6
104,2,0.6
155,25,0.6
25,2,0.6
207,22,0.6
116,33,0.6
105,25,0.6
26,39,0.6
373,22,0.6
231,3,0.6
424,73,0.6
26,34,0.6
118,36,0.6
232,73,0.6
464,25,0.6
437,28,0.6
414,33,0.6
158,22,0.6
489,39,0.6
79,27,0.6
68,9,0.6
489,10,0.6
222,25,0.6
57,6,0.6
274,46,0.6
81,73,0.6
262,67,0.6
172,10,0.6
440,40,0.6
365,17,0.6
121,8,0.6
263,22,0.6
121,46,0.6
173,10,0.6
263,11,0.6
70,1,0.6
82,36,0.6
173,17,0.6
327,36,0.6
469,13,0.6
339,42,0.6
174,17,0.6
213,0,0.6
328,34,0.6
391,9,0.6
265,3,0.6
493,3,0.6
112,27,0.6
21,10,0.6
278,25,0.7
380,1,0.7
227,119,0.7
73,28,0.7
62,119,0.7
176,0,0.7
34,28,0.7
62,0,0.7
23,42,0.7
176,16,0.7
496,0,0.7
267,25,0.7
177,0,0.7
331,1,0.7
63,33,0.7
229,3,0.7
382,7,0.7
178,42,0.7
434,33,0.7
496,46,0.7
166,7,0.7
217,9,0.7
268,54,0.7
269,33,0.7
190,33,0.7
446,1,0.7
497,25,0.7
139,25,0.7
395,54,0.7
116,42,0.7
281,16,0.7
88,22,0.7
384,36,0.7
77,39,0.7
475,42,0.7
242,8,0.7
168,0,0.7
219,9,0.7
385,1,0.7
345,54,0.7
232,33,0.7
448,9,0.7
271,9,0.7
244,33,0.7
141,31,0.7
295,42,0.7
500,33,0.7
347,67,0.7
193,67,0.7
233,67,0.7
193,73,0.7
501,17,0.7
80,39,0.7
68,39,0.7
171,22,0.7
348,39,0.7
144,119,0.7
389,7,0.7
247,34,0.7
275,13,0.7
42,17,0.7
247,24,0.7
184,31,0.7
236,10,0.7
275,39,0.7
145,36,0.7
401,40,0.7
287,3,0.7
224,24,0.7
339,11,0.7
146,36,0.7
453,17,0.7
288,22,0.7
197,9,0.7
186,119,0.7
339,39,0.7
123,40,0.7
351,27,0.7
442,119,0.7
454,7,0.7
442,17,0.7
72,0,0.7
352,8,0.7
482,46,0.7
85,36,0.7
45,34,0.7
22,22,0.7
380,2,0.7
187,3,0.7
353,46,0.7
278,7,0.7
380,31,0.7
136,40,0.7
199,46,0.7
34,3,0.7
495,31,0.7
507,2,0.7
176,17,0.7
405,7,0.7
176,7,0.7
137,6,0.7
484,10,0.7
47,119,0.7
382,119,0.7
484,36,0.7
149,73,0.7
292,22,0.7
354,3,0.7
241,73,0.7
406,10,0.7
229,40,0.7
190,36,0.7
241,25,0.7
178,2,0.7
202,0,0.7
304,10,0.7
241,7,0.7
281,9,0.7
49,119,0.7
100,24,0.7
230,17,0.7
396,24,0.7
49,16,0.7
231,24,0.7
510,9,0.7
499,28,0.7
295,39,0.7
500,40,0.7
181,16,0.7
437,54,0.7
358,27,0.7
398,11,0.7
449,73,0.7
335,42,0.7
347,11,0.7
461,10,0.7
335,31,0.7
143,1,0.7
29,31,0.7
348,28,0.7
234,8,0.7
285,13,0.7
297,34,0.7
387,7,0.7
399,39,0.7
29,1,0.7
388,39,0.7
156,2,0.7
451,31,0.7
42,54,0.7
412,25,0.7
440,17,0.7
196,22,0.7
184,33,0.7
491,16,0.7
94,73,0.7
310,36,0.7
464,0,0.7
464,25,0.7
82,34,0.7
197,27,0.7
287,31,0.7
390,9,0.7
106,1,0.7
414,17,0.7
83,0,0.7
288,9,0.7
390,3,0.7
95,17,0.7
146,31,0.7
56,33,0.7
363,24,0.7
83,1,0.7
339,27,0.7
198,40,0.7
249,67,0.7
403,11,0.7
56,22,0.7
261,17,0.7
414,22,0.7
32,25,0.7
403,10,0.7
186,22,0.7
494,11,0.7
352,42,0.7
455,42,0.7
313,24,0.7
444,9,0.7
137,119,0.7
341,54,0.7
444,27,0.7
416,73,0.7
35,1,0.7
86,11,0.7
444,6,0.7
86,42,0.7
508,10,0.7
343,25,0.7
59,2,0.7
201,6,0.7
111,54,0.7
36,1,0.7
241,42,0.7
162,16,0.7
241,73,0.7
497,42,0.7
407,73,0.7
367,39,0.7
395,34,0.7
163,34,0.7
510,27,0.7
163,25,0.7
317,119,0.7
510,54,0.7
294,31,0.7
408,24,0.7
471,25,0.7
306,8,0.7
267,10,0.7
460,22,0.7
192,39,0.7
204,27,0.7
267,13,0.7
39,28,0.7
165,54,0.7
193,54,0.7
244,119,0.7
307,2,0.7
256,10,0.7
166,1,0.7
205,42,0.7
257,8,0.7
64,3,0.7
52,8,0.7
104,3,0.7
206,11,0.7
195,42,0.7
195,33,0.7
53,3,0.7
258,34,0.7
349,119,0.7
321,7,0.7
400,40,0.7
475,54,0.7
464,11,0.7
66,0,0.7
247,8,0.7
220,1,0.7
196,36,0.7
464,6,0.7
260,9,0.7
220,25,0.7
425,2,0.7
299,11,0.7
106,46,0.7
374,73,0.7
477,28,0.7
312,54,0.7
198,8,0.7
363,31,0.7
426,3,0.7
159,34,0.7
68,39,0.7
324,119,0.7
352,40,0.7
273,119,0.7
518,11,0.7
325,40,0.7
172,0,0.7
302,42,0.7
365,17,0.7
223,42,0.7
417,6,0.7
70,34,0.7
212,9,0.7
315,8,0.7
378,8,0.7
149,28,0.7
469,7,0.7
47,16,0.7
48,54,0.7
122,73,0.7
406,22,0.7
20,0,0.7
151,6,0.7
163,46,0.7
202,27,0.7
253,17,0.7
112,27,0.7
419,3,0.7
470,6,0.7
112,3,0.7
163,24,0.7
226,22,0.7
49,6,0.7
459,13,0.7
113,46,0.7
431,46,0.7
152,9,0.7
306,28,0.7
124,33,0.7
125,16,0.7
228,24,0.7
153,2,0.7
114,28,0.7
125,54,0.7
319,67,0.7
512,1,0.7
63,13,0.7
51,40,0.7
410,25,0.7
461,39,0.7
331,7,0.7
217,22,0.7
103,16,0.7
308,31,0.7
410,33,0.7
434,27,0.7
103,36,0.7
320,39,0.7
513,2,0.7
321,46,0.7
435,27,0.7
53,119,0.7
309,11,0.7
281,24,0.7
128,42,0.7
436,25,0.7
66,27,0.7
425,46,0.7
78,7,0.7
169,16,0.7
283,67,0.7
271,40,0.7
27,8,0.7
311,36,0.7
374,73,0.7
437,9,0.7
158,6,0.7
465,67,0.7
170,46,0.7
55,13,0.7
489,22,0.7
465,54,0.7
119,33,0.7
438,73,0.7
335,40,0.7
210,3,0.7
387,22,0.7
273,40,0.7
108,3,0.7
490,46,0.7
313,2,0.7
29,36,0.7
337,42,0.7
388,33,0.7
467,7,0.7
428,17,0.7
121,25,0.7
440,34,0.7
314,40,0.7
417,22,0.7
58,73,0.7
173,1,0.7
224,31,0.7
338,33,0.7
212,22,0.7
71,40,0.7
122,7,0.7
441,31,0.7
430,40,0.7
162,3,0.7
264,33,0.7
328,67,0.7
186,13,0.7
442,9,0.7
368,54,0.7
226,46,0.7
124,67,0.7
443,36,0.7
112,25,0.7
175,17,0.7
84,33,0.7
112,1,0.7
136,54,0.7
317,31,0.7
227,1,0.7
432,1,0.7
341,1,0.7
392,40,0.7
227,7,0.7
176,7,0.7
34,13,0.7
85,16,0.7
216,34,0.7
216,10,0.7
267,11,0.7
369,2,0.7
188,36,0.7
291,67,0.7
393,2,0.7
331,39,0.7
291,73,0.7
370,36,0.7
217,7,0.7
394,119,0.7
63,17,0.7
138,9,0.7
241,33,0.7
371,6,0.7
115,6,0.7
474,25,0.7
497,22,0.7
230,42,0.7
332,34,0.7
446,34,0.7
167,28,0.7
230,9,0.7
321,3,0.7
498,25,0.7
372,3,0.7
345,7,0.7
89,39,0.7
487,1,0.7
129,0,0.7
90,31,0.7
181,11,0.7
220,67,0.7
271,39,0.7
397,25,0.7
220,3,0.7
232,27,0.7
489,7,0.7
118,24,0.7
91,27,0.7
477,31,0.7
28,73,0.7
296,73,0.7
387,36,0.7
296,27,0.7
490,3,0.7
40,0,0.7
29,10,0.7
222,31,0.7
41,40,0.7
297,27,0.7
273,24,0.7
183,2,0.7
143,25,0.7
388,2,0.7
30,67,0.7
274,54,0.7
121,34,0.7
30,34,0.7
349,11,0.7
121,54,0.7
223,27,0.7
326,11,0.7
287,54,0.7
401,34,0.7
133,9,0.7
350,7,0.7
43,7,0.7
453,22,0.7
134,22,0.7
288,25,0.7
83,46,0.7
44,119,0.7
248,33,0.7
379,34,0.7
505,2,0.7
33,22,0.7
21,67,0.7
403,119,0.7
278,0,0.7
329,33,0.7
380,73,0.7
392,40,0.7
148,34,0.7
392,25,0.7
148,16,0.7
239,73,0.7
46,17,0.7
46,2,0.7
342,119,0.7
303,3,0.7
138,40,0.7
382,67,0.7
47,16,0.7
98,25,0.7
394,39,0.7
497,33,0.7
48,28,0.7
509,11,0.7
434,24,0.7
383,22,0.7
458,6,0.7
179,39,0.7
407,31,0.7
140,27,0.7
510,42,0.7
487,67,0.7
282,27,0.7
487,40,0.7
255,36,0.7
90,54,0.7
142,54,0.7
347,8,0.7
358,24,0.7
461,22,0.7
512,0,0.7
500,1,0.7
102,34,0.7
193,33,0.7
256,6,0.7
410,36,0.7
399,33,0.7
154,6,0.7
28,28,0.7
297,25,0.7
336,67,0.7
450,67,0.7
513,67,0.7
92,16,0.7
183,24,0.7
439,24,0.7
246,3,0.7
349,36,0.7
30,3,0.7
439,73,0.7
207,16,0.7
145,40,0.7
54,11,0.7
82,1,0.7
236,42,0.7
492,119,0.7
145,31,0.7
390,36,0.7
134,31,0.7
55,42,0.7
185,119,0.7
465,119,0.7
300,39,0.7
351,25,0.7
135,22,0.7
186,11,0.7
363,119,0.7
84,8,0.7
198,8,0.7
107,73,0.7
312,13,0.7
96,36,0.7
147,67,0.7
198,54,0.7
363,54,0.7
238,1,0.7
455,17,0.7
517,13,0.7
467,16,0.7
238,9,0.7
262,0,0.7
467,17,0.7
302,17,0.7
353,3,0.7
456,39,0.7
365,46,0.7
405,67,0.7
212,25,0.7
291,17,0.7
354,31,0.7
457,42,0.7
161,6,0.7
468,34,0.7
354,40,0.7
406,7,0.7
47,6,0.7
508,6,0.7
138,8,0.7
201,42,0.7
110,22,0.7
162,36,0.7
458,7,0.7
395,39,0.7
49,6,0.7
356,46,0.7
407,16,0.7
509,11,0.7
316,3,0.7
60,2,0.7
265,3,0.7
88,9,0.7
345,9,0.7
112,9,0.7
266,54,0.7
140,16,0.7
243,7,0.7
499,10,0.7
113,1,0.7
369,3,0.7
295,40,0.7
216,2,0.7
472,46,0.7
346,13,0.7
51,27,0.7
205,6,0.7
398,0,0.7
500,24,0.7
422,17,0.7
142,3,0.7
359,24,0.7
115,73,0.7
64,16,0.7
297,16,0.7
41,2,0.7
116,0,0.7
218,11,0.7
372,7,0.7
411,11,0.7
309,3,0.7
246,73,0.7
309,16,0.7
144,2,0.7
196,10,0.7
54,10,0.7
310,119,0.7
373,24,0.7
424,1,0.7
66,28,0.7
271,9,0.7
43,8,0.7
260,27,0.7
299,13,0.7
197,3,0.7
351,40,0.7
402,33,0.7
118,33,0.7
170,39,0.7
323,6,0.7
56,27,0.7
56,7,0.7
466,119,0.7
96,33,0.7
352,33,0.7
454,9,0.7
159,16,0.7
261,34,0.7
119,28,0.7
250,54,0.7
222,67,0.7
478,24,0.7
211,119,0.7
353,24,0.7
120,2,0.7
325,31,0.7
404,34,0.7
428,10,0.7
251,24,0.7
456,40,0.7
110,11,0.7
468,31,0.7
252,6,0.7
264,67,0.7
275,7,0.7
98,11,0.7
417,31,0.7
201,10,0.7
213,36,0.7
355,3,0.7
213,16,0.7
173,16,0.7
225,34,0.7
304,33,0.7
316,28,0.7
162,67,0.7
202,17,0.7
265,34,0.7
277,8,0.7
61,24,0.7
214,16,0.7
317,67,0.7
100,67,0.7
483,22,0.7
420,34,0.7
306,16,0.7
318,31,0.7
432,22,0.7
460,0,0.7
472,40,0.7
204,2,0.7
114,10,0.7
279,22,0.7
126,10,0.7
154,27,0.7
256,46,0.7
166,6,0.7
75,46,0.7
256,2,0.7
512,9,0.7
371,3,0.7
166,67,0.7
64,17,0.7
423,73,0.7
155,0,0.7
513,27,0.7
76,67,0.7
257,2,0.7
372,119,0.7
127,6,0.7
372,7,0.7
230,36,0.7
219,28,0.7
475,7,0.7
333,36,0.7
486,1,0.7
309,31,0.7
361,25,0.7
463,40,0.7
424,25,0.7
259,28,0.7
78,8,0.7
129,27,0.7
385,8,0.7
362,0,0.7
118,25,0.7
323,39,0.7
385,13,0.7
157,46,0.7
477,9,0.7
335,34,0.7
232,34,0.7
335,73,0.7
465,1,0.7
170,36,0.7
158,8,0.7
273,7,0.7
466,40,0.7
427,2,0.7
336,25,0.7
210,11,0.7
120,7,0.7
80,42,0.7
518,17,0.7
376,3,0.7
313,7,0.7
30,67,0.7
211,33,0.7
109,33,0.7
416,0,0.7
263,46,0.7
480,28,0.7
235,54,0.7
275,39,0.7
110,22,0.7
366,27,0.7
287,0,0.7
389,17,0.7
468,39,0.7
20,27,0.7
110,7,0.7
20,24,0.7
174,8,0.7
71,13,0.7
32,24,0.7
390,67,0.7
430,11,0.7
123,36,0.7
32,39,0.7
237,40,0.7
391,25,0.7
111,25,0.7
123,3,0.7
226,42,0.7
277,6,0.7
265,13,0.7
277,22,0.7
340,39,0.7
317,10,0.8
482,13,0.8
73,2,0.8
443,0,0.8
113,8,0.8
317,17,0.8
369,36,0.8
278,46,0.8
495,27,0.8
369,7,0.8
341,39,0.8
393,9,0.8
164,13,0.8
420,1,0.8
86,1,0.8
62,9,0.8
114,0,0.8
23,7,0.8
433,16,0.8
240,27,0.8
75,2,0.8
126,11,0.8
433,67,0.8
240,11,0.8
75,34,0.8
268,42,0.8
383,73,0.8
241,17,0.8
138,119,0.8
320,36,0.8
269,9,0.8
371,13,0.8
281,22,0.8
190,3,0.8
435,39,0.8
218,39,0.8
65,16,0.8
447,13,0.8
180,22,0.8
180,31,0.8
168,28,0.8
117,0,0.8
39,40,0.8
448,42,0.8
476,11,0.8
425,73,0.8
386,67,0.8
335,36,0.8
438,24,0.8
40,28,0.8
426,54,0.8
489,54,0.8
501,22,0.8
222,17,0.8
131,27,0.8
399,40,0.8
92,25,0.8
399,54,0.8
29,34,0.8
502,28,0.8
69,67,0.8
427,8,0.8
502,40,0.8
325,73,0.8
223,6,0.8
479,25,0.8
70,13,0.8
224,28,0.8
196,67,0.8
173,28,0.8
236,42,0.8
299,33,0.8
350,17,0.8
480,10,0.8
453,36,0.8
327,34,0.8
429,0,0.8
351,22,0.8
20,34,0.8
339,10,0.8
300,67,0.8
225,36,0.8
123,28,0.8
186,54,0.8
249,2,0.8
72,31,0.8
506,9,0.8
96,17,0.8
432,8,0.8
22,34,0.8
432,13,0.8
239,22,0.8
35,2,0.8
354,27,0.8
36,40,0.8
150,0,0.8
75,3,0.8
344,42,0.8
25,67,0.8
37,8,0.8
355,40,0.8
179,7,0.8
281,34,0.8
191,73,0.8
396,54,0.8
294,8,0.8
49,28,0.8
408,36,0.8
38,13,0.8
346,42,0.8
180,10,0.8
283,11,0.8
488,34,0.8
102,36,0.8
460,46,0.8
385,6,0.8
449,22,0.8
102,1,0.8
295,46,0.8
154,54,0.8
335,1,0.8
501,3,0.8
91,10,0.8
450,119,0.8
285,73,0.8
513,10,0.8
400,67,0.8
258,7,0.8
207,34,0.8
234,7,0.8
30,73,0.8
388,67,0.8
515,24,0.8
82,2,0.8
389,22,0.8
503,9,0.8
106,0,0.8
208,67,0.8
208,39,0.8
441,8,0.8
413,6,0.8
516,54,0.8
402,1,0.8
453,16,0.8
260,34,0.8
300,9,0.8
55,6,0.8
83,2,0.8
237,6,0.8
288,3,0.8
339,9,0.8
260,28,0.8
249,10,0.8
300,17,0.8
261,6,0.8
312,34,0.8
198,2,0.8
454,1,0.8
56,27,0.8
341,24,0.8
506,34,0.8
262,34,0.8
313,42,0.8
239,54,0.8
404,42,0.8
314,0,0.8
47,31,0.8
110,34,0.8
162,31,0.8
469,73,0.8
189,8,0.8
497,119,0.8
406,39,0.8
190,54,0.8
407,7,0.8
469,16,0.8
112,42,0.8
140,1,0.8
242,1,0.8
447,7,0.8
471,119,0.8
345,6,0.8
448,34,0.8
318,40,0.8
409,1,0.8
511,27,0.8
295,0,0.8
51,24,0.8
370,24,0.8
142,9,0.8
295,36,0.8
256,1,0.8
461,0,0.8
103,11,0.8
142,46,0.8
154,6,0.8
461,22,0.8
422,28,0.8
257,7,0.8
217,36,0.8
269,13,0.8
40,33,0.8
245,36,0.8
206,17,0.8
218,7,0.8
53,67,0.8
320,42,0.8
65,7,0.8
258,36,0.8
310,2,0.8
463,33,0.8
93,36,0.8
298,3,0.8
452,22,0.8
475,13,0.8
42,0,0.8
413,3,0.8
322,67,0.8
464,17,0.8
157,0,0.8
94,33,0.8
311,33,0.8
453,24,0.8
56,8,0.8
351,8,0.8
453,11,0.8
363,7,0.8
465,33,0.8
517,25,0.8
210,0,0.8
261,28,0.8
68,17,0.8
415,22,0.8
170,40,0.8
221,39,0.8
352,34,0.8
403,25,0.8
108,7,0.8
147,31,0.8
108,2,0.8
415,16,0.8
199,27,0.8
171,3,0.8
199,1,0.8
365,13,0.8
97,119,0.8
223,73,0.8
172,73,0.8
263,31,0.8
479,36,0.8
405,36,0.8
110,46,0.8
59,22,0.8
509,7,0.8
407,2,0.8
21,33,0.8
72,9,0.8
407,16,0.8
60,36,0.8
112,13,0.8
214,0,0.8
174,46,0.8
379,0,0.8
277,16,0.8
470,2,0.8
482,54,0.8
317,39,0.8
329,39,0.8
152,22,0.8
101,6,0.8
101,7,0.8
408,31,0.8
215,13,0.8
203,34,0.8
369,39,0.8
125,6,0.8
460,31,0.8
330,39,0.8
483,13,0.8
409,28,0.8
50,8,0.8
306,27,0.8
421,73,0.8
279,1,0.8
204,13,0.8
177,3,0.8
126,67,0.8
165,36,0.8
51,42,0.8
268,6,0.8
473,36,0.8
382,9,0.8
103,8,0.8
434,34,0.8
116,16,0.8
65,7,0.8
474,24,0.8
435,9,0.8
411,9,0.8
128,0,0.8
179,119,0.8
435,46,0.8
77,17,0.8
333,22,0.8
53,6,0.8
117,6,0.8
322,16,0.8
156,17,0.8
487,22,0.8
220,39,0.8
180,119,0.8
334,11,0.8
322,119,0.8
310,31,0.8
488,39,0.8
259,46,0.8
55,1,0.8
232,9,0.8
362,24,0.8
437,24,0.8
79,16,0.8
284,42,0.8
335,33,0.8
312,25,0.8
170,73,0.8
375,54,0.8
312,17,0.8
517,8,0.8
80,8,0.8
324,0,0.8
285,119,0.8
415,7,0.8
222,2,0.8
336,42,0.8
121,67,0.8
58,11,0.8
519,8,0.8
160,3,0.8
30,36,0.8
491,8,0.8
440,28,0.8
287,67,0.8
161,10,0.8
82,8,0.8
287,119,0.8
59,13,0.8
315,22,0.8
481,40,0.8
390,17,0.8
83,25,0.8
237,46,0.8
20,42,0.8
277,40,0.8
83,54,0.8
60,67,0.8
214,17,0.8
442,13,0.8
214,46,0.8
112,7,0.8
380,11,0.8
431,6,0.8
22,40,0.8
289,28,0.8
164,33,0.8
266,22,0.8
432,13,0.8
187,67,0.8
495,42,0.8
188,10,0.8
62,27,0.8
23,10,0.8
74,11,0.8
342,10,0.8
421,13,0.8
165,28,0.8
382,34,0.8
473,73,0.8
394,1,0.8
127,17,0.8
229,67,0.8
434,36,0.8
320,73,0.8
127,2,0.8
229,2,0.8
281,67,0.8
485,54,0.8
190,1,0.8
293,1,0.8
64,2,0.8
498,3,0.8
128,42,0.8
395,40,0.8
486,40,0.8
219,42,0.8
435,0,0.8
77,24,0.8
117,10,0.8
424,2,0.8
38,25,0.8
191,8,0.8
270,42,0.8
180,119,0.8
78,0,0.8
66,36,0.8
130,42,0.8
346,28,0.8
181,16,0.8
374,33,0.8
476,31,0.8
90,2,0.8
375,17,0.8
194,46,0.8
387,1,0.8
502,1,0.8
120,22,0.8
120,24,0.8
41,54,0.8
451,40,0.8
30,73,0.8
337,46,0.8
491,0,0.8
274,22,0.8
93,36,0.8
172,13,0.8
82,2,0.8
441,40,0.8
224,0,0.8
338,25,0.8
339,7,0.8
492,73,0.8
197,34,0.8
402,42,0.8
20,33,0.8
135,11,0.8
237,13,0.8
174,0,0.8
288,36,0.8
238,2,0.8
96,34,0.8
301,27,0.8
21,27,0.8
380,25,0.8
289,28,0.8
392,22,0.8
45,73,0.8
454,13,0.8
380,46,0.8
33,27,0.8
278,13,0.8
85,42,0.8
392,46,0.8
302,36,0.8
353,22,0.8
251,33,0.8
456,10,0.8
125,6,0.8
507,8,0.8
23,67,0.8
456,39,0.8
456,40,0.8
291,40,0.8
280,10,0.8
433,3,0.8
484,54,0.8
99,34,0.8
201,31,0.8
99,33,0.8
229,24,0.8
332,11,0.8
383,0,0.8
458,27,0.8
76,34,0.8
434,54,0.8
100,27,0.8
304,42,0.8
356,10,0.8
25,13,0.8
383,11,0.8
151,25,0.8
281,8,0.8
384,17,0.8
254,31,0.8
26,6,0.8
179,10,0.8
396,42,0.8
129,36,0.8
231,42,0.8
385,24,0.8
129,17,0.8
385,33,0.8
192,33,0.8
192,7,0.8
244,10,0.8
39,1,0.8
398,39,0.8
386,40,0.8
91,42,0.8
142,13,0.8
358,33,0.8
142,73,0.8
103,9,0.8
205,8,0.8
501,33,0.8
462,27,0.8
182,42,0.8
489,54,0.8
143,28,0.8
501,11,0.8
194,0,0.8
206,8,0.8
81,25,0.8
337,2,0.8
388,24,0.8
400,16,0.8
337,46,0.8
298,0,0.8
349,73,0.8
401,119,0.8
82,7,0.8
208,24,0.8
401,42,0.8
157,1,0.8
515,39,0.8
338,9,0.8
43,0,0.8
248,46,0.8
453,67,0.8
157,7,0.8
260,119,0.8
95,1,0.8
32,1,0.8
493,17,0.8
249,46,0.8
454,24,0.8
289,46,0.8
147,0,0.8
187,9,0.8
364,33,0.8
415,33,0.8
506,31,0.8
34,46,0.8
290,40,0.8
109,13,0.8
240,7,0.8
496,46,0.8
468,42,0.8
189,13,0.8
150,119,0.8
445,31,0.8
508,27,0.8
138,73,0.8
111,6,0.8
241,8,0.8
100,9,0.8
60,3,0.8
163,42,0.8
344,27,0.8
316,36,0.8
317,10,0.8
447,42,0.8
49,17,0.8
100,24,0.8
408,11,0.8
447,1,0.8
317,73,0.8
306,31,0.8
357,3,0.8
255,36,0.8
397,25,0.8
500,33,0.8
51,1,0.8
307,39,0.8
409,67,0.8
410,33,0.8
319,8,0.8
461,8,0.8
473,11,0.8
63,40,0.8
410,46,0.8
371,28,0.8
91,67,0.8
103,39,0.8
450,42,0.8
514,13,0.8
207,28,0.8
218,33,0.8
168,3,0.8
298,10,0.8
451,7,0.8
503,39,0.8
247,40,0.8
196,39,0.8
515,54,0.8
452,0,0.8
464,25,0.8
424,7,0.8
169,16,0.8
362,24,0.8
66,6,0.8
169,25,0.8
197,0,0.8
299,9,0.8
95,28,0.8
107,13,0.8
209,13,0.8
323,42,0.8
504,40,0.8
300,33,0.8
466,17,0.8
107,24,0.8
466,42,0.8
301,2,0.8
506,34,0.8
45,46,0.8
69,27,0.8
251,6,0.8
149,2,0.8
58,119,0.8
428,34,0.8
480,7,0.8
303,27,0.8
519,16,0.8
508,22,0.8
161,3,0.8
252,39,0.8
59,9,0.8
122,31,0.8
378,31,0.8
213,42,0.8
71,11,0.8
378,73,0.8
379,33,0.8
99,46,0.8
379,7,0.8
458,9,0.8
151,73,0.8
202,119,0.8
214,28,0.8
368,25,0.8
356,67,0.8
356,9,0.8
368,31,0.8
317,0,0.8
329,7,0.8
471,1,0.8
22,25,0.8
460,67,0.8
227,31,0.8
330,1,0.8
165,17,0.8
330,25,0.8
370,34,0.8
460,46,0.8
228,9,0.8
330,42,0.8
205,24,0.8
382,6,0.8
513,7,0.8
269,46,0.8
371,33,0.8
513,1,0.8
462,73,0.8
332,119,0.8
514,24,0.8
218,24,0.8
332,11,0.8
270,3,0.8
270,39,0.8
168,54,0.8
270,73,0.8
463,31,0.8
424,1,0.8
54,22,0.8
361,24,0.8
412,42,0.8
515,17,0.8
310,73,0.8
27,17,0.8
476,10,0.8
413,73,0.8
169,25,0.8
221,6,0.8
323,24,0.8
27,16,0.8
79,9,0.8
477,73,0.8
233,7,0.8
107,27,0.8
182,24,0.8
376,28,0.8
131,54,0.8
182,31,0.8
438,9,0.8
120,36,0.8
108,40,0.8
274,0,0.8
388,8,0.8
439,2,0.8
69,3,0.8
286,42,0.8
109,10,0.8
467,6,0.8
286,31,0.8
326,36,0.8
287,17,0.8
492,34,0.8
122,8,0.8
480,2,0.8
161,67,0.8
71,8,0.8
276,1,0.8
185,27,0.8
236,11,0.8
441,16,0.8
213,24,0.8
315,13,0.8
186,6,0.8
442,36,0.8
418,33,0.8
174,40,0.8
430,17,0.8
265,24,0.8
72,31,0.8
380,36,0.8
84,1,0.8
289,27,0.9
278,28,0.9
380,119,0.9
22,34,0.9
176,11,0.9
136,28,0.9
113,9,0.9
290,25,0.9
86,42,0.9
342,54,0.9
318,11,0.9
23,16,0.9
279,22,0.9
484,27,0.9
188,17,0.9
165,9,0.9
216,11,0.9
217,27,0.9
138,25,0.9
496,27,0.9
75,46,0.9
229,28,0.9
446,0,0.9
115,39,0.9
178,9,0.9
139,33,0.9
25,28,0.9
281,1,0.9
486,2,0.9
139,2,0.9
475,54,0.9
38,22,0.9
270,3,0.9
475,9,0.9
282,25,0.9
294,46,0.9
322,67,0.9
78,31,0.9
117,24,0.9
38,33,0.9
322,27,0.9
294,22,0.9
374,3,0.9
220,39,0.9
335,8,0.9
130,2,0.9
233,10,0.9
170,10,0.9
182,13,0.9
284,17,0.9
40,24,0.9
477,39,0.9
28,31,0.9
285,46,0.9
170,9,0.9
426,67,0.9
222,39,0.9
245,25,0.9
376,46,0.9
80,119,0.9
450,54,0.9
478,27,0.9
81,0,0.9
172,67,0.9
223,22,0.9
338,27,0.9
298,16,0.9
503,73,0.9
70,10,0.9
172,1,0.9
31,25,0.9
440,24,0.9
491,17,0.9
275,8,0.9
94,1,0.9
452,13,0.9
338,73,0.9
196,25,0.9
134,46,0.9
287,1,0.9
94,10,0.9
248,40,0.9
197,27,0.9
299,34,0.9
504,16,0.9
71,119,0.9
351,28,0.9
225,24,0.9
276,73,0.9
198,25,0.9
454,73,0.9
96,36,0.9
198,17,0.9
187,40,0.9
352,54,0.9
175,3,0.9
495,34,0.9
85,1,0.9
495,9,0.9
278,40,0.9
137,33,0.9
483,3,0.9
188,24,0.9
290,8,0.9
125,17,0.9
200,31,0.9
354,0,0.9
393,36,0.9
35,17,0.9
405,28,0.9
23,3,0.9
303,54,0.9
445,39,0.9
252,3,0.9
303,24,0.9
355,54,0.9
126,6,0.9
382,16,0.9
394,40,0.9
87,7,0.9
304,2,0.9
99,11,0.9
293,6,0.9
76,11,0.9
128,73,0.9
486,67,0.9
344,22,0.9
333,28,0.9
242,33,0.9
499,24,0.9
152,10,0.9
38,34,0.9
101,36,0.9
306,9,0.9
448,10,0.9
90,6,0.9
255,17,0.9
232,46,0.9
448,33,0.9
27,119,0.9
79,13,0.9
130,10,0.9
51,46,0.9
256,22,0.9
28,40,0.9
307,1,0.9
386,9,0.9
489,40,0.9
308,119,0.9
461,8,0.9
80,7,0.9
92,73,0.9
41,13,0.9
155,73,0.9
349,17,0.9
502,0,0.9
309,46,0.9
42,1,0.9
491,73,0.9
81,28,0.9
133,6,0.9
184,7,0.9
401,10,0.9
389,16,0.9
492,10,0.9
31,28,0.9
82,67,0.9
43,28,0.9
287,9,0.9
158,33,0.9
32,40,0.9
402,54,0.9
95,46,0.9
300,67,0.9
158,54,0.9
352,46,0.9
56,24,0.9
415,36,0.9
135,16,0.9
33,27,0.9
199,25,0.9
250,31,0.9
364,0,0.9
289,22,0.9
494,33,0.9
494,73,0.9
57,9,0.9
211,8,0.9
415,119,0.9
494,25,0.9
495,119,0.9
46,36,0.9
495,25,0.9
444,46,0.9
302,3,0.9
263,0,0.9
444,54,0.9
468,31,0.9
35,22,0.9
456,7,0.9
303,0,0.9
417,3,0.9
355,67,0.9
457,33,0.9
355,11,0.9
264,1,0.9
87,9,0.9
446,46,0.9
418,3,0.9
139,27,0.9
293,39,0.9
214,54,0.9
265,28,0.9
447,10,0.9
498,31,0.9
305,31,0.9
214,40,0.9
419,0,0.9
470,46,0.9
305,2,0.9
112,8,0.9
89,17,0.9
510,73,0.9
255,67,0.9
164,17,0.9
294,16,0.9
369,10,0.9
141,36,0.9
397,24,0.9
358,3,0.9
154,7,0.9
410,119,0.9
40,1,0.9
501,73,0.9
513,22,0.9
217,9,0.9
319,31,0.9
462,31,0.9
320,13,0.9
194,25,0.9
64,31,0.9
320,39,0.9
411,10,0.9
144,73,0.9
156,16,0.9
514,24,0.9
400,25,0.9
54,17,0.9
349,22,0.9
464,40,0.9
259,16,0.9
117,31,0.9
168,1,0.9
350,25,0.9
259,46,0.9
362,39,0.9
350,24,0.9
401,27,0.9
402,1,0.9
363,3,0.9
477,31,0.9
95,22,0.9
56,22,0.9
67,119,0.9
426,11,0.9
119,39,0.9
249,33,0.9
198,10,0.9
250,7,0.9
57,8,0.9
120,42,0.9
478,27,0.9
376,33,0.9
96,31,0.9
404,73,0.9
108,46,0.9
427,8,0.9
148,22,0.9
160,25,0.9
46,8,0.9
365,25,0.9
416,22,0.9
274,36,0.9
161,73,0.9
173,24,0.9
429,42,0.9
354,25,0.9
47,67,0.9
71,2,0.9
71,27,0.9
173,119,0.9
111,28,0.9
20,8,0.9
429,40,0.9
99,11,0.9
418,1,0.9
430,6,0.9
150,33,0.9
430,28,0.9
430,119,0.9
304,36,0.9
100,33,0.9
265,24,0.9
510,34,0.9
419,22,0.9
21,16,0.9
124,10,0.9
215,11,0.9
380,39,0.9
73,54,0.9
152,46,0.9
22,13,0.9
74,119,0.9
369,28,0.9
125,3,0.9
307,1,0.9
63,8,0.9
307,25,0.9
358,9,0.9
370,67,0.9
256,17,0.9
512,31,0.9
433,2,0.9
410,10,0.9
359,2,0.9
308,40,0.9
308,46,0.9
167,40,0.9
218,25,0.9
127,7,0.9
52,9,0.9
486,3,0.9
206,27,0.9
321,6,0.9
463,54,0.9
168,33,0.9
65,10,0.9
321,3,0.9
424,8,0.9
180,13,0.9
333,0,0.9
117,31,0.9
77,33,0.9
476,2,0.9
425,6,0.9
334,28,0.9
78,1,0.9
386,13,0.9
386,28,0.9
119,24,0.9
28,46,0.9
158,33,0.9
130,3,0.9
222,17,0.9
336,24,0.9
387,31,0.9
489,7,0.9
364,27,0.9
120,73,0.9
478,0,0.9
415,9,0.9
376,22,0.9
467,0,0.9
479,0,0.9
108,39,0.9
428,73,0.9
416,22,0.9
172,36,0.9
30,11,0.9
389,3,0.9
378,3,0.9
184,40,0.9
212,54,0.9
287,3,0.9
162,0,0.9
481,28,0.9
493,40,0.9
277,0,0.9
21,0,0.9
431,73,0.9
84,40,0.9
340,22,0.9
493,27,0.9
175,27,0.9
442,28,0.9
163,0,0.9
482,67,0.9
124,33,0.9
238,8,0.9
494,119,0.9
266,42,0.9
113,34,0.9
136,9,0.9
267,33,0.9
330,13,0.9
239,10,0.9
330,34,0.9
330,46,0.9
137,119,0.9
126,36,0.9
473,25,0.9
178,7,0.9
24,34,0.9
127,40,0.9
178,28,0.9
281,73,0.9
332,67,0.9
269,22,0.9
395,6,0.9
191,28,0.9
384,16,0.9
231,33,0.9
89,17,0.9
448,2,0.9
499,6,0.9
334,34,0.9
243,7,0.9
244,0,0.9
324,34,0.9
221,7,0.9
439,16,0.9
348,13,0.9
234,17,0.9
439,13,0.9
222,25,0.9
144,33,0.9
195,27,0.9
298,46,0.9
184,40,0.9
350,42,0.9
401,9,0.9
287,9,0.9
236,8,0.9
224,13,0.9
429,13,0.9
299,28,0.9
350,3,0.9
299,46,0.9
173,119,0.9
32,39,0.9
249,22,0.9
505,24,0.9
442,39,0.9
454,22,0.9
289,73,0.9
340,31,0.9
33,8,0.9
249,67,0.9
238,22,0.9
391,17,0.9
340,2,0.9
250,28,0.9
277,8,0.9
431,40,0.9
494,42,0.9
290,54,0.9
494,36,0.9
199,28,0.9
97,119,0.9
239,54,0.9
250,7,0.9
302,1,0.9
329,25,0.9
495,16,0.9
404,119,0.9
188,67,0.9
444,25,0.9
405,22,0.9
507,39,0.9
279,9,0.9
405,24,0.9
433,8,0.9
496,8,0.9
47,11,0.9
201,67,0.9
126,24,0.9
178,24,0.9
355,2,0.9
383,9,0.9
36,10,0.9
139,9,0.9
88,73,0.9
485,1,0.9
253,3,0.9
139,33,0.9
77,34,0.9
128,13,0.9
447,10,0.9
151,9,0.9
179,54,0.9
140,34,0.9
89,9,0.9
243,8,0.9
510,119,0.9
231,33,0.9
101,27,0.9
78,3,0.9
231,13,0.9
436,31,0.9
39,39,0.9
153,25,0.9
27,42,0.9
51,34,0.9
488,28,0.9
193,39,0.9
102,31,0.9
153,1,0.9
386,31,0.9
142,33,0.9
296,0,0.9
512,39,0.9
296,46,0.9
79,10,0.9
489,25,0.9
347,27,0.9
438,73,0.9
245,9,0.9
206,1,0.9
103,13,0.9
439,31,0.9
490,1,0.9
297,10,0.9
336,17,0.9
285,42,0.9
93,46,0.9
195,7,0.9
297,40,0.9
349,42,0.9
53,39,0.9
81,7,0.9
338,8,0.9
452,27,0.9
311,46,0.9
197,31,0.9
299,27,0.9
504,34,0.9
311,16,0.9
83,25,0.9
351,0,0.9
157,0,0.9
362,46,0.9
134,27,0.9
492,9,0.9
44,67,0.9
237,24,0.9
351,54,0.9
402,39,0.9
453,11,0.9
33,39,0.9
301,27,0.9
454,16,0.9
391,119,0.9
353,33,0.9
455,22,0.9
136,16,0.9
455,7,0.9
57,40,0.9
34,13,0.9
109,25,0.9
188,25,0.9
109,42,0.9
262,33,0.9
393,2,0.9
200,67,0.9
405,16,0.9
86,39,0.9
137,3,0.9
161,9,0.9
314,1,0.9
189,34,0.9
149,40,0.9
201,46,0.9
252,0,0.9
263,13,0.9
366,46,0.9
291,119,0.9
201,11,0.9
292,6,0.9
316,0,0.9
446,17,0.9
497,10,0.9
214,16,0.9
470,28,0.9
293,13,0.9
344,6,0.9
356,10,0.9
242,13,0.9
510,28,0.9
368,119,0.9
140,10,0.9
191,1,0.9
61,8,0.9
471,27,0.9
61,11,0.9
152,39,0.9
243,10,0.9
448,6,0.9
152,119,0.9
215,16,0.9
204,31,0.9
215,17,0.9
50,24,0.9
153,25,0.9
90,39,0.9
141,119,0.9
319,16,0.9
359,33,0.9
268,6,0.9
473,46,0.9
347,11,0.9
63,42,0.9
52,36,0.9
166,8,0.9
501,3,0.9
462,73,0.9
502,6,0.9
297,8,0.9
104,11,0.9
218,24,0.9
502,33,0.9
116,36,0.9
372,31,0.9
361,119,0.9
116,11,0.9
207,46,0.9
219,3,0.9
503,0,0.9
401,13,0.9
476,67,0.9
401,24,0.9
220,28,0.9
323,34,0.9
374,36,0.9
260,8,0.9
374,2,0.9
146,3,0.9
249,24,0.9
312,8,0.9
375,119,0.9
300,42,0.9
505,6,0.9
364,0,0.9
478,42,0.9
324,54,0.9
210,3,0.9
69,1,0.9
302,34,0.9
109,8,0.9
353,67,0.9
467,24,0.9
325,33,0.9
377,28,0.9
365,28,0.9
479,7,0.9
326,22,0.9
405,0,0.9
354,6,0.9
377,9,0.9
429,33,0.9
110,13,0.9
110,27,0.9
201,13,0.9
71,67,0.9
316,46,0.9
202,73,0.9
367,7,0.9
225,9,0.9
328,10,0.9
175,11,0.9
458,11,0.9
357,0,0.9
113,17,0.9
164,2,0.9
215,36,0.9
420,40,0.9
227,11,0.9
329,10,0.9
176,1,0.9
153,25,0.9
23,36,0.9
23,10,0.9
74,28,0.9
421,7,0.9
63,67,0.9
51,11,0.9
461,34,0.9
280,54,0.9
257,27,0.9
359,22,0.9
127,22,0.9
178,54,0.9
485,31,0.9
154,11,0.9
218,0,0.9
422,6,0.9
76,3,0.9
281,73,0.9
269,67,0.9
76,73,0.9
384,7,0.9
360,34,0.9
384,6,0.9
104,25,0.9
424,6,0.9
475,16,0.9
435,11,0.9
231,16,0.9
180,6,0.9
156,13,0.9
168,25,0.9
515,42,0.9
271,11,0.9
67,7,0.9
272,36,0.9
425,7,0.9
209,2,0.9
311,0,0.9
56,10,0.9
375,119,0.9
131,119,0.9
312,3,0.9
56,119,0.9
234,24,0.9
159,67,0.9
415,28,0.9
273,73,0.9
376,16,0.9
183,2,0.9
387,42,0.9
439,10,0.9
478,25,0.9
29,8,0.9
120,2,0.9
81,22,0.9
234,40,0.9
211,7,0.9
160,9,0.9
70,40,0.9
30,24,0.9
275,13,0.9
172,31,0.9
286,73,0.9
480,1,0.9
184,22,0.9
326,3,0.9
224,25,0.9
122,119,0.9
327,3,0.9
481,7,0.9
31,0,0.9
71,22,0.9
379,11,0.9
213,119,0.9
288,2,0.9
237,119,0.9
111,40,0.9
430,3,0.9
84,28,0.9
124,7,0.9
470,46,0.9
226,36,0.9
187,2,1.0
238,31,1.0
227,67,1.0
420,67,1.0
34,46,1.0
341,10,1.0
278,34,1.0
227,9,1.0
137,17,1.0
369,13,1.0
239,22,1.0
137,34,1.0
342,28,1.0
393,22,1.0
216,7,1.0
189,28,1.0
166,27,1.0
75,13,1.0
87,67,1.0
445,1,1.0
332,25,1.0
88,3,1.0
76,2,1.0
139,9,1.0
128,2,1.0
219,34,1.0
117,27,1.0
27,24,1.0
141,6,1.0
334,42,1.0
385,39,1.0
437,8,1.0
90,28,1.0
476,36,1.0
232,73,1.0
90,0,1.0
425,25,1.0
244,46,1.0
79,22,1.0
398,0,1.0
233,33,1.0
398,10,1.0
375,16,1.0
347,2,1.0
398,17,1.0
273,31,1.0
182,7,1.0
40,16,1.0
143,119,1.0
285,36,1.0
427,54,1.0
41,39,1.0
348,36,1.0
490,67,1.0
490,16,1.0
399,9,1.0
388,54,1.0
274,28,1.0
286,73,1.0
247,3,1.0
287,40,1.0
94,27,1.0
247,7,1.0
504,31,1.0
327,0,1.0
441,6,1.0
20,7,1.0
32,46,1.0
185,36,1.0
430,119,1.0
390,46,1.0
237,34,1.0
174,17,1.0
21,24,1.0
482,8,1.0
494,7,1.0
403,3,1.0
175,10,1.0
494,3,1.0
226,67,1.0
443,42,1.0
85,10,1.0
136,6,1.0
147,119,1.0
22,2,1.0
506,67,1.0
227,46,1.0
506,22,1.0
46,11,1.0
483,24,1.0
444,10,1.0
342,67,1.0
97,9,1.0
23,54,1.0
251,16,1.0
444,8,1.0
86,3,1.0
445,6,1.0
126,25,1.0
177,73,1.0
252,27,1.0
87,9,1.0
303,36,1.0
457,28,1.0
189,2,1.0
241,33,1.0
445,2,1.0
138,119,1.0
292,11,1.0
446,39,1.0
190,31,1.0
202,42,1.0
230,6,1.0
88,31,1.0
100,42,1.0
356,11,1.0
25,119,1.0
88,42,1.0
498,42,1.0
305,22,1.0
282,40,1.0
203,39,1.0
357,3,1.0
77,24,1.0
487,2,1.0
192,9,1.0
459,17,1.0
152,36,1.0
408,28,1.0
204,119,1.0
204,16,1.0
204,11,1.0
409,22,1.0
79,54,1.0
79,39,1.0
437,13,1.0
79,7,1.0
387,10,1.0
246,13,1.0
462,7,1.0
451,33,1.0
439,28,1.0
490,39,1.0
388,33,1.0
258,11,1.0
514,1,1.0
400,6,1.0
207,42,1.0
42,13,1.0
310,33,1.0
464,10,1.0
31,0,1.0
197,22,1.0
351,39,1.0
390,119,1.0
505,27,1.0
209,2,1.0
414,16,1.0
237,119,1.0
391,10,1.0
107,46,1.0
147,33,1.0
363,3,1.0
186,13,1.0
493,25,1.0
466,28,1.0
45,3,1.0
96,24,1.0
466,8,1.0
392,42,1.0
148,24,1.0
199,16,1.0
97,10,1.0
108,17,1.0
364,22,1.0
46,22,1.0
416,2,1.0
46,16,1.0
507,73,1.0
290,3,1.0
393,27,1.0
456,24,1.0
58,7,1.0
160,17,1.0
98,46,1.0
417,40,1.0
393,46,1.0
161,24,1.0
405,28,1.0
86,8,1.0
212,16,1.0
99,25,1.0
406,31,1.0
343,0,1.0
457,10,1.0
241,54,1.0
304,8,1.0
356,17,1.0
344,11,1.0
88,67,1.0
191,36,1.0
293,42,1.0
242,17,1.0
396,13,1.0
459,42,1.0
255,73,1.0
61,24,1.0
357,119,1.0
38,54,1.0
346,7,1.0
113,24,1.0
90,40,1.0
267,54,1.0
193,28,1.0
308,10,1.0
512,27,1.0
319,73,1.0
245,67,1.0
257,3,1.0
91,16,1.0
411,24,1.0
296,36,1.0
360,34,1.0
64,2,1.0
269,36,1.0
64,0,1.0
92,25,1.0
167,1,1.0
207,1,1.0
298,1,1.0
247,67,1.0
105,17,1.0
259,40,1.0
145,73,1.0
271,6,1.0
401,25,1.0
208,2,1.0
94,7,1.0
299,1,1.0
350,27,1.0
453,34,1.0
374,46,1.0
453,17,1.0
453,54,1.0
67,46,1.0
505,28,1.0
107,11,1.0
324,67,1.0
56,36,1.0
222,13,1.0
198,42,1.0
68,13,1.0
375,13,1.0
108,8,1.0
455,34,1.0
313,28,1.0
364,67,1.0
416,39,1.0
222,9,1.0
353,42,1.0
160,34,1.0
467,6,1.0
302,27,1.0
58,54,1.0
200,33,1.0
46,73,1.0
507,31,1.0
46,54,1.0
149,1,1.0
314,67,1.0
366,22,1.0
275,67,1.0
326,27,1.0
276,0,1.0
47,28,1.0
150,36,1.0
367,54,1.0
469,27,1.0
481,36,1.0
265,54,1.0
214,24,1.0
100,25,1.0
407,8,1.0
72,10,1.0
215,2,1.0
471,16,1.0
22,34,1.0
175,22,1.0
254,22,1.0
164,31,1.0
176,54,1.0
255,67,1.0
408,9,1.0
381,10,1.0
472,36,1.0
358,46,1.0
409,2,1.0
216,46,1.0
330,36,1.0
319,73,1.0
461,31,1.0
422,31,1.0
280,2,1.0
52,17,1.0
513,24,1.0
372,16,1.0
179,9,1.0
167,39,1.0
360,31,1.0
65,31,1.0
435,10,1.0
179,11,1.0
487,42,1.0
168,28,1.0
219,39,1.0
77,31,1.0
412,8,1.0
157,1,1.0
373,25,1.0
180,2,1.0
169,33,1.0
488,42,1.0
106,9,1.0
157,10,1.0
220,34,1.0
130,33,1.0
209,46,1.0
465,46,1.0
158,9,1.0
466,54,1.0
29,67,1.0
68,33,1.0
57,28,1.0
29,39,1.0
364,25,1.0
427,11,1.0
171,24,1.0
427,46,1.0
183,11,1.0
439,1,1.0
326,17,1.0
326,46,1.0
58,46,1.0
275,17,1.0
377,46,1.0
224,46,1.0
366,0,1.0
417,0,1.0
185,46,1.0
122,40,1.0
378,54,1.0
83,28,1.0
134,33,1.0
327,1,1.0
185,40,1.0
469,27,1.0
174,28,1.0
340,2,1.0
289,22,1.0
21,17,1.0
33,54,1.0
